Contexto,Entidad,Abreviatura
"PERITOS EN MATERIA DE TELECOMUNICACIONES Y DE RADIODIFUSIÓN”, ello en cumplimiento con lo establecido en el artículo 51 de la Ley Federal de Telecomunicaciones y Radiodifusión (en lo sucesivo, “LFTR”).

V.El Pleno del Instituto mediante Acuerdo P/IFT/250117/11 de enero de ","LECOMUNICACIONES Y DE RADIODIFUSIÓN, ello en cumplimiento con lo establecido en el artículo 51 de la Ley Federal de Telecomunicaciones y Radiodifusión ",LFTR
"NO SE ESTABLECE MONTO ESPECÍFICO EN LA LEY FEDERAL DE DERECHOS.

ANTECEDENTES

I.El 11 de junio de 2013 se publicó en el Diario Oficial de la Federación (en lo sucesivo, el “DOF”) el ""Decreto por el que se reforman y adicionan ","DERAL DE DERECHOS.

ANTECEDENTES

I.El 11 de junio de 2013 se publicó en el Diario Oficial de la Federación el ",DOF
