Resolución,Otro
Diario Oficial de la Federación,Organización
Oficialía de Partes,Otro
Justicia de la Unión AMPARA Y PROTEGE,Organización
Competencia Económica,Lugar
RADIODIFUSIÓN Y TELECOMUNICACIONES CON RESIDENCIA EN LA CIUDAD DE MÉXICO Y JURISDICCIÓN EN TODA LA REPÚBLICA CORRESPONDIENTE A EL AMPARO EN REVISIÓN,Otro
Arturo Robles Rovalo,Persona
VII de la LFTR,Organización
Constitución Política de los Estados Unidos Mexicanos,Organización
Juez Segundo de Distrito,Organización
Acuerdo de el Sistema,Persona
SEXTO,Organización
Acuerdo,Otro
Radiomóvil Dipsa,Organización
Segunda Sala de la Suprema,Organización
TERCERO,Organización
Metodología de Costos,Persona
Lo,Persona
Magistrado,Persona
Registro Público de Concesiones de el Instituto,Organización
Radiodifusión,Organización
Cuarto,Organización
I,Otro
Instituto Federal de Telecomunicaciones,Organización
Materia Administrativa Especializado,Persona
Distrito Federal,Lugar
DOF,Organización
Telcel,Organización
Tribunales Especializados,Organización
APLICABLES DE EL,Persona
Tribunal Pleno,Organización
Metodología,Persona
Comisionados Gabriel Oswaldo Contreras Saldívar,Organización
Pleno de el Instituto Federal de Telecomunicaciones,Organización
Estatuto,Otro
Registro Público de Concesiones de el Instituto Federal de Telecomunicaciones,Organización
Servicio Local,Organización
Segundo Tribunal Colegiado,Organización
LFTR,Organización
Metodología,Organización
Acuerdo de Tarifas,Otro
Pleno,Organización
III Sesión Ordinaria,Otro
De,Persona
Materia Administrativa Especializado,Lugar
Mario Germán Fromow Rangel,Persona
Publicación de Tarifas de Interconexión,Otro
Registro Público de Telecomunicaciones,Organización
Solicitud de Resolución,Organización
Órgano Jurisdiccional,Otro
Acuerdo,Lugar
Debiendo,Persona
Convergia,Organización
EN CUMPLIMIENTO A LA EJECUTORIA DE FECHA,Persona
Acuerdo,Organización
Estado,Organización
Suprema Corte,Organización
Resolutivos Segundo,Organización
Pleno de el Instituto,Organización
Solicitud de Resolución,Otro
Emisión de el Acuerdo,Otro
Ley de Amparo,Otro
SCJN,Organización
En consecuencia,Organización
Convergia,Persona
Código Federal de Procedimientos Civiles,Otro
IV,Organización
S. A. de C. V.,Persona
Justicia de la Nación,Otro
Materia Administrativa Especializados,Organización
III,Otro
Constitución,Otro
Constitución Política de los Estados Unidos Mexicanos,Otro
RESOLUCIÓN MEDIANTE LA CUAL EL PLENO DE EL INSTITUTO FEDERAL DE TELECOMUNICACIONES MODIFICA LA,Organización
Convenio,Otro
Segundo Tribunal Colegiado de Circuito,Organización
B,Otro
Convergia de México,Organización
Adriana Sofía Labardini Inzunza,Persona
Metodología de Costos,Otro
Acuerdo de Tarifas,Organización
Instituto,Organización
Materia Administrativa,Lugar
EMITIDA MEDIANTE ACUERDO,Otro
República,Organización
Antecedentes,Organización
ANTECEDENTES Radiomóvil Dipsa,Organización
Modelos de Costos,Lugar
QUINTO,Organización
Resolutivo Tercero,Persona
X,Otro
Juzgados de Distrito Especializados,Organización
Radiodifusión,Lugar
Tribunales Colegiados,Organización
CONSIDERANDO PRIMERO,Organización
SESI,Organización
Telecomunicaciones,Otro
Tribunal Colegiado,Organización
Resolución Radiomóvil Dipsa,Persona
S.A. DE C.V. Y RADIOMÓVIL DIPSA,Persona
XV,Organización
Ley de el Sistema Público de Radiodifusión de el Estado Mexicano,Otro
Máximo Tribunal,Organización
VII de la Ley Federal de Telecomunicaciones,Otro
RESOLUTIVOS PRIMERO,Persona
Acuerdo,Persona
Segunda Sala,Persona
Como,Persona
CUARTO,Organización
Segunda Sala de la Suprema Corte de Justicia de la Nación,Otro
XXXVII,Organización
II,Otro
III,Organización
S.A. de C.V.,Persona
Competencia de el Instituto,Organización
Agente de el Ministerio Público de la Federación,Organización
Por,Organización
Radiomóvil Dipsa,Persona
Metodología de Costos,Organización
RESOLUCIÓN MEDIANTE LA CUAL EL PLENO DE EL INSTITUTO FEDERAL DE TELECOMUNICACIONES DETERMINA LAS CONDICIONES DE INTERCONEXIÓN NO CONVENIDAS ENTRE CONVERGIA DE MÉXICO,Organización
EMITIDA POR SEGUNDO TRIBUNAL COLEGIADO EN MATERIA ADMINISTRATIVA ESPECIALIZADO EN COMPETENCIA ECONÓMICA,Organización
Segunda Sala,Otro
Consideraciones,Organización
Vigésimo Transitorio de el Decreto,Organización
Estatuto Orgánico de el Instituto Federal de Telecomunicaciones,Organización
Segunda Sala de la Suprema Corte de Justicia de la Nación,Organización
Segunda Sala de la SCJN,Otro
Javier Juárez Mojica,Persona
IX,Otro
Finalmente,Persona
VIII de la Ley Federal de Telecomunicaciones,Otro
Modelos de Costos,Otro
Sistema Electrónico de Solicitudes de Interconexión,Otro
Ley Federal de Telecomunicaciones,Otro
R.A.,Otro
Tribunal Colegiado de Circuito,Organización
Adolfo Cuevas Teja,Persona
Constitución General de la República,Organización
VII,Otro
Oficina de Correspondencia Común de los Juzgados de Distrito,Lugar
Servicios de Interconexión,Organización
Reglamentaria,Organización
María Elena Estavillo Flores,Persona
Telecomunicaciones,Organización
Comisionado Adolfo Cuevas Teja,Organización
Segunda Sala de la SCJ,Otro
Jurisdicción,Otro
Decreto,Organización
En,Persona
VIII,Organización
Resolutivo SEGUNDO,Organización
A efecto de,Persona
VII,Organización
Ley Federal de Procedimiento Administrativo,Otro
S.A. DE C.V.,Persona
Costo Incremental de Largo Plazo Puro,Lugar
Juzgado Segundo de Distrito,Organización
Resolutivo TERCERO,Otro
A EL,Persona
XVI Sesión Ordinaria,Organización
Ciudad de México,Lugar
Suprema Corte de Justicia de la Nación,Otro
M.N.,Organización
Ley Orgánica de el Poder Judicial de la Federación,Otro
SEGUNDO,Otro
