id,name
70,../DOCX/P_IFT_270116_15_Publica_Acc.docx
71,../DOCX/P_IFT_161215_602_Acc.docx
72,../DOCX/P_IFT_170216_32_Acc.docx
73,../DOCX/P_IFT_170316_130_Acc.docx
74,../DOCX/L_P_IFT_231015_479_Acc.docx
75,../DOCX/DOF_P_IFT_301116_681_Acc.docx
76,../DOCX/P_IFT_170316_109_Acc.docx
77,../DOCX/P_IFT_161215_601_Acc.docx
78,../DOCX/P_IFT_140410_191.docx
79,../DOCX/P_IFT_090316_83_Acc(1).docx
80,../DOCX/P_IFT_060416_132_Acc.docx
81,../DOCX/P_IFT_170216_49_Acc.docx
82,../DOCX/P_IFT_161215_604_FR_Acc.docx
83,../DOCX/P_IFT_170316_99_Acc_Confidencial.docx
84,../DOCX/P_IFT_060416_159_Acc.docx
85,../DOCX/P_IFT_170316_130_Acc(1).docx
86,../DOCX/P_IFT_290216_73_Acc.docx
87,../DOCX/P_IFT_090316_85_Acc.docx
88,../DOCX/P_IFT_111215_577_Acc.docx
89,../DOCX/DOF_P_IFT_250117_12_Acc(4).docx
90,../DOCX/P_IFT_161215_600_Acc.docx
91,../DOCX/P_IFT_200416_161_Acc.docx
92,../DOCX/P_IFT_170216_56_Acc.docx
93,../DOCX/P_IFT_170316_129_Acc.docx
94,../DOCX/P_IFT_170216_57_Acc.docx
95,../DOCX/P_IFT_161215_603_Acc.docx
96,../DOCX/P_IFT_170216_52_Acc.docx
97,../DOCX/P_IFT_170216_48_Acc.docx
98,../DOCX/P_IFT_111215_562_Acc.docx
99,../DOCX/P_IFT_290216_70_Acc.docx
100,../DOCX/P_IFT_170216_36_Acc.docx
101,../DOCX/P_IFT_170216_50_Acc.docx
102,../DOCX/P_IFT_090316_81_Acc(1).docx
103,../DOCX/DOF_P_IFT_EXT_241116_36_Acc.docx
104,../DOCX/P_IFT_170316_120_Acc.docx
105,../DOCX/DOF_P_IFT_250117_12_Acc(3).docx
106,../DOCX/P_IFT_170316_127_Acc.docx
107,../DOCX/P_IFT_170316_119_Acc.docx
108,../DOCX/P_IFT_170216_51_Acc.docx
109,../DOCX/P_IFT_270416_196_Acc.docx
110,../DOCX/P_IFT_170216_58_Acc.docx
111,../DOCX/P_IFT_270416_168_Acc.docx
112,../DOCX/P_IFT_170316_106_Acc.docx
113,../DOCX/P_IFT_111215_577_Acc(1).docx
114,../DOCX/P_IFT_090316_83_Acc.docx
115,../DOCX/DOF_P_IFT_250117_12_Acc(1).docx
116,../DOCX/P_IFT_170316_126_Acc.docx
117,../DOCX/P_IFT_090316_82_Acc.docx
118,../DOCX/P_IFT_290216_66_Acc.docx
119,../DOCX/P_IFT_170216_55_Acc.docx
120,../DOCX/P_IFT_111215_559_Acc.docx
121,../DOCX/P_IFT_090316_86_Acc.docx
122,../DOCX/DOF_P_IFT_250117_12_Acc(5).docx
123,../DOCX/DOF_P_IFT_250117_12_Acc(2).docx
124,../DOCX/P_IFT_170316_121_Acc.docx
125,../DOCX/P_IFT_111215_563_Acc.docx
126,../DOCX/P_IFT_170316_124_Acc.docx
127,../DOCX/P_IFT_170216_53_Acc.docx
128,../DOCX/P_IFT_170316_123_Acc.docx
129,../DOCX/P_IFT_170316_118_Acc.docx
130,../DOCX/DOF_P_IFT_250117_12_Acc.docx
131,../DOCX/P_IFT_090316_81_Acc.docx
132,../DOCX/P_IFT_170316_125_Acc.docx
133,../DOCX/P_IFT_170316_122_Acc.docx
134,../DOCX/P_IFT_170316_110_Acc.docx
135,../DOCX/P_IFT_090316_79_Acc.docx
136,../DOCX/P_IFT_200416_162_Acc.docx
137,../DOCX/P_IFT_111215_578_Acc.docx
138,../DOCX/P_IFT_170216_47_Acc.docx
