8810,FRONTERA,Otro
10605,Política TDT,Otro
2648,Municipio de Tulum,Otro
5765,Contratos,Otro
2299,Municipio de Tianguistengo,Otro
2084,Telecom Altura,Otro
1693,Estados Unidos Mexicanos,Otro
7781,Presupuesto,Otro
8948,Municipio,Otro
10709,Unidad,Otro
8636,C. Díaz,Otro
2293,Unidad de Asuntos Jurídicos,Otro
1765,Corredor Público,Otro
10330,CONSIDERANDO PRIMERO,Otro
2106,Antecedente Segundo,Otro
1458,Comisión Federal de Competencia Económica,Organización
2131,Reglamento de la Ley Federal de Competencia Económica,Ley
7388,Cable TV Internacional Sadecv,Organización
8085,Capacidad Administrativa,Otro
2220,Modelo de Costeo Estándar,Otro
3941,Tepic,Otro
7980,Patuán,Otro
1902,Modelos de Costos,Otro
1482,Adriana Sofía Labardini Inzunza,Otro
1634,VHF y UHF,Organización
1492,Moralillo y Tamos,Organización
7309,Resolutivo PRIMERO de la Resolución El,Otro
1460,Ley Competencia,Ley
9146,La Venta,Otro
7240,Información Pública,Otro
2346,Municipio de Parras,Otro
1916,REGLA QUINTA TRANSITORIA,Otro
7344,San Ángel y GTV,Organización
3942,Nayarit,Otro
2201,Lineamientos para la Acreditación,Otro
1895,Reglas Quinta y Sexta de las RdSL,Organización
3325,C. Erick James Steinmann,Otro
2326,Municipio de Frontera,Otro
7523,Antecedente,Otro
2135,Insurgentes Sur,Otro
4679,Ley Federal de el Procedimiento Administrativo,Ley
1946,Compartición de Infraestructura,Otro
1507,Diario Oficial de la Federación los Lineamientos,Otro
7701,Coordinación General de Política de el Usuario,Organización
10273,AT & T DE EL GOLFO,Otro
2710,Salitre Palmarillos,Otro
10213,Descripción de el Proyecto,Otro
1928,Plan Técnico Fundamental de Señalización,Otro
8947,Ciénegas de Carranza,Otro
1595,Concesión,Otro
10397,Segunda,Otro
1452,Ley Federal de Derechos,Ley
1675,Análisis de Impacto Regulatorio,Otro
8880,C. René Robles Sánchez,Otro
4761,Usuarios Fijos,Otro
6037,Aguascalientes,Otro
2047,Opinión de la UMCA,Otro
6593,Telecable de Tierra Caliente Sadecv,Organización
4603,CTI,Otro
1590,Segunda Cesión de Derechos,Organización
2028,Guanajuato,Otro
4139,Convenio,Otro
4404,CTl,Otro
7674,Usuarios,Otro
3245,C. Grajales Palacios,Otro
6850,Sanctorum,Otro
2015,Municipio de Huayacocotla,Otro
4982,Reglamento,Otro
4130,Decimosexta de el Convenio Axtel-Telnor,Otro
7469,Colombia,Otro
11185,Competencia,Otro
5454,Palau,Otro
7250,Lic,Otro
4038,Lo,Otro
7537,Anteproyecto,Otro
9697,Telefonía Internet y TV Sadecv Decreto de Reforma Constitucional,Organización
10701,Opinión UMCA Por,Otro
8088,Tlaquepaque,Otro
9223,Sala de el Tribunal Federal Justicia Fiscal y Administrativa,Organización
11145,Acuerdo de el Pleno de el Instituto Federal de Telecomunicaciones,Organización
2568,Pautas de Accesibilidad de Contenido de Internet,Otro
1456,Código Fiscal de la Federación,Ley
3482,Relación,Otro
10024,Refrendo,Otro
2726,Municipio de Zacualpan,Otro
2571,Ruta Accesible,Otro
7540,Dicho Análisis de Impacto Regulatorio,Otro
1567,Comisión Nacional de Libros de Texto Gratuito,Organización
11240,Pleno de el Instituto Federal de Telecomunicaciones,Organización
7451,Requirements,Otro
10715,UTEG,Otro
10159,Comisionado Presidente de el Instituto,Organización
2378,Municipio de Unión Juárez,Otro
2545,Concesionarios y Autorizados,Organización
2514,América Latina,Otro
2590,Accesibilidad y Diseño Universal,Organización
2399,Resolutivos Segundo,Otro
7574,Procuraduría Federal de el Consumidor,Organización
2574,Sistemas de Atención,Otro
2712,Cuadrilla de López y Amadores,Organización
8084,Comercio,Otro
11171,Sadecv,Organización
1930,Comisión y Axtel,Organización
8677,Municipio de San Francisco de el Mar,Otro
2250,José Pérez Ramírez,Otro
5971,Comunicación Segura Sadecv Decreto de Reforma Constitucional,Organización
10464,AT & T de el Occidente Srldecv,Organización
11065,ANTECEDENTES Decreto de Reforma Constitucional,Otro
2783,Municipio de Nuevo Urecho,Otro
1709,Solicitud de Concesión,Otro
2491,Unión Internacional de Telecomunicaciones,Organización
1537,Administración Pública Federal para el Ejercicio Fiscal,Otro
7748,Presidente de el IFT,Otro
1587,Primera Cesión de Derechos,Organización
10679,Política para la Transición,Otro
11225,Lineamientos,Otro
7465,Elderly Customer,Otro
2736,OSCAR REYES ROSAS,Otro
3916,Lucia Pérez Medina Vda. de Mondragón XHKG,Otro
1583,Ley Federal de Radio y Televisión,Ley
2734,San Diego de la Unión,Otro
7543,Establecer,Otro
4149,Cláusula Decimosexta de el Convenio Axtel-Telmex,Otro
2735,Municipio de San Diego de la Unión,Otro
2659,Procuraduría Federal de Consumidor,Organización
9311,XHDGM-FM,Otro
10299,Operadores,Otro
9944,Comunicación de el Sureste Sadecv,Organización
10590,Autorización de Transición,Otro
9110,Dictamen De,Otro
9937,Teleimagen de el Noroeste Sadecv,Organización
10755,MEDIA,Otro
11061,Sesión,Otro
2463,Personas Relacionada,Otro
1894,Centrales de Conmutación,Otro
9024,Konecta,Otro
1688,Ejecutivo Federal,Otro
7368,Figuras,Otro
11204,El Folio Electrónico,Otro
10872,Opinión de la Unidad de Competencia Económica,Organización
2456,Ley de Amparo,Ley
5829,Ocozocoautla,Otro
2715,José Félix Gallegos Hernández y Félix Eduardo López Rodríguez,Organización
2190,Impuestas por el Instituto,Organización
7795,Órgano Interno de Control de el IFT,Otro
9411,C. Moisés Carpio Alarcón,Otro
7565,Autorizado,Otro
7423,JUSTIFICACIÓN DE SU EMISIÓN,Otro
4607,Y,Otro
10806,Interesados,Otro
7693,CAPÍTULO NOVENO CUMPLIMIENTO Artículo,Otro
5334,ANTECEDENTES Otorgamiento de las Concesiones,Otro
10990,Estado,Otro
1536,Secretaría de Hacienda y Crédito Público,Organización
1719,Estado de Yucatán,Otro
9692,Servicio de Transporte de Señales de el Servicio Local,Otro
2707,Estado de México,Otro
1461,Distrito Federal,Otro
4303,Central B. Lo,Otro
1707,Municipio de Motul y Mocochá,Organización
7452,Features,Otro
9956,TV de Culiacán Sadecv,Organización
10016,Unidades de Espectro Radioeléctrico,Otro
1641,Considerando Segundo,Otro
10306,Acuerdo de el Sistema,Otro
4642,Interconexión,Otro
9503,Ciber Cable Sadecv,Organización
1948,Concesionario Solicitado,Otro
2698,Municipio de Poza Rica de Hidalgo,Otro
8839,EN EL ESTADO DE COAHUILA,Otro
7976,Taretan,Otro
10359,Grupo AT & T y AT & T Une Mex,Organización
1965,República Mexicana,Otro
9919,AMBAS DE USO COMERCIAL,Otro
7249,Cargo de el Servidor Público,Otro
11125,Comalcalco y Paraíso,Organización
2692,Municipio de Miahuatlán,Otro
2684,Estado de Colima,Otro
1594,Comisión Federal de Telecomunicaciones,Organización
8799,C. Jesús Nataren Ovando,Otro
11072,Opinión Técnica de la Secretaría,Organización
5001,Estado A,Otro
6763,Solicitud En caso de,Otro
1677,Consulta Pública,Otro
4860,Plan Técnico Fundamental de Interconexión,Otro
10395,Sexta,Otro
7499,INEGI,Otro
2761,Concesión el Anexo B,Otro
3347,Multicom,Otro
1788,Pleno de la Comisión,Otro
2397,Resolutivo Octavo de la Resolución,Otro
8826,MUNICIPIO DE NAVA,Otro
2215,Unidad de Política Regulatoria,Otro
11139,Sección Primera de el Capítulo VIII de el Título I,Organización
7351,San Ángel,Otro
1542,Lineamientos de Austeridad y Ajuste Presupuestario,Organización
10634,Dictamen de la Dirección General de Concesiones de Radiodifusión,Organización
1428,Instituto Federal de Telecomunicaciones,Organización
7720,Que la Cámara de Diputados de el H. Congreso de la Unión,Otro
3155,Jaltenango de La Paz,Otro
1730,Coordinación General de Servicios de Telecomunicaciones,Organización
7744,Comisionado Presidente de el IFT,Otro
10801,LFTR,Otro
10765,DIARIO OFICIAL,Otro
4315,Permite,Otro
8098,Jalisco,Otro
1777,Axtel,Otro
5528,Acatlán,Otro
8089,Magdalena,Otro
2777,Emiliano Zapata y Tomendán,Organización
2263,Pleno de la COFETEL,Otro
10689,Tasa,Otro
10370,Aunado,Otro
9589,SOCIEDAD ANÓNIMA DE CAPITAL VARIABLE,Otro
2195,Ley de Ingresos de la Federación para el Ejercicio Fiscal,Ley
7464,Disabled,Otro
7610,CAPÍTULO CUARTO EQUIPOS TERMINALES Artículo,Otro
3979,TELÉFONOS DE MÉXICO,Otro
5143,JAVIER MORENO LÓPEZ,Otro
2705,Municipio de Amatepec y Bejucos,Organización
7475,Protección Integral de Personas,Organización
2474,Estado de Quintana Roo,Otro
2356,Solicitud de Cesión Parcial de Derechos,Organización
10844,Comité,Otro
1873,Regla Quinta Transitoria de las RdSL,Otro
10009,SCJN,Otro
8563,Tulúm,Otro
7247,Información Pública Gubernamental,Otro
2737,Concesión de Red,Otro
2322,Solicitudes de Prórroga,Otro
11030,Dependencia,Otro
7364,Respecto a el Consejo de Administración de TVI,Otro
2360,Análisis de la Solicitud de Cesión Parcial de Derechos,Organización
2079,Yaratzet Funes López,Otro
8950,Nava,Otro
11170,Secretaría de Comunicaciones Y Transportes,Organización
8833,RAMOS ARIZPE,Otro
4635,Tránsito,Otro
2753,San Miguel de Allende,Otro
1779,Oficio de Alegatos,Otro
1538,Ley de Ingresos,Ley
8961,Econo Cable Sadecv,Organización
11200,En caso de,Otro
4754,Especificaciones,Otro
7751,Unidades y Coordinaciones Generales,Organización
5346,Antecedente I,Otro
9846,Telefonía Internet y TV Sadecv,Organización
1680,Concesionarios de Televisión Restringida,Otro
4653,Telnor,Otro
2103,Consejo de Administración de CVQ,Otro
8812,CASTAÑOS,Otro
7459,General Conditions,Otro
8536,Antecedente V,Otro
7023,C. Óscar Reyes Rosas,Otro
2724,Municipio de Temoac,Otro
8356,C. Margarita Guadalupe Borboa García,Otro
7297,TVI,Otro
4970,XHSD-TV,Otro
7330,Operación,Otro
7390,Telecom de Altura Sadecv,Organización
8552,Negar,Otro
2344,Municipio de Arteaga,Otro
9586,DIGICABLE,Otro
10300,Registro Público de Concesiones de el Instituto,Organización
5422,Orgtec,Otro
7471,Ministerio de Tecnologías de la Información,Otro
11073,Radiodifusión de la Secretaría,Otro
4869,Primer Tribunal Colegiado,Otro
9050,Konecta de México Srldecv,Organización
1912,Regla Sexta,Otro
9690,Tele Cable Centro Occidente Sadecv,Organización
2826,Sociedad Anónima Bursátil de Capital Variable,Otro
2082,CVQ,Otro
4157,Decimosexta de el Convenio Axtel-Telmex,Otro
11122,Villahermosa,Otro
3788,Nay,Otro
9927,COFETEL,Otro
5271,Centro SCT de el Estado de Quintana Roo,Otro
7754,AJUSTE EN REDUCCIÓN A EL PRESUPUESTO Derivado,Otro
8580,Cablemás Telecomunicaciones Sadecv SÉPTIMO,Organización
2370,Villa de Reyes,Otro
4201,Reglamento Interno de la Comisión,Otro
7589,PROFECO,Otro
2086,Instituto,Organización
9212,Juzgado Primero de Distrito,Otro
2621,San Francisco Ixhuatán,Otro
2337,Municipio de Piedras Negras,Otro
10381,Modelo de Costos de el Servicio de Interconexión,Otro
7539,Internet de el Instituto,Organización
9018,Tijuana,Otro
8676,San Francisco de el Mar,Otro
10262,Altata Telecomunicaciones de México Sapidecv QUINTO,Organización
2461,Municipio de Centro,Otro
5961,Anexo A de la Concesión de Red,Otro
1735,Benito Juárez,Otro
10731,SDTV TASA DE TRANSFERENCIA,Otro
1903,Tarifas de Interconexión,Otro
2241,Análisis de las Solicitudes de Prórroga,Otro
10323,Red Local Fija de Total Play,Otro
1896,Reglas Décima y Décima Quinta de las RdSL,Organización
2198,Considerando Octavo,Otro
2332,Ciudad Melchor Múzquiz,Otro
2053,Concesionario de Radiodifusión,Otro
8953,Zaragoza,Otro
10803,Nación,Otro
2789,San Vicente,Otro
9301,Juez Segundo de Distrito,Otro
7444,UIT,Otro
4010,Alegatos,Otro
10725,UMCA,Otro
2183,Acción de Inconstitucionalidad,Otro
9597,Smart Cable Sadecv,Organización
10413,Total Play Telecomunicaciones Sadecv y AT & T Opco Une Mex Srldecv,Organización
9995,Vigésimo Transitorio,Otro
10465,AT & T Sureste Srldecv,Organización
5958,ANTECEDENTES Otorgamiento de la Concesión de Red,Otro
1832,Unidad de Prospectiva y Regulación,Organización
2202,Decreto Constitucional,Otro
9766,Atapaneo,Otro
9148,Tenosique,Otro
8816,CIÉNEGAS DE CARRANZA,Otro
5053,Telesistemas de Coahuila Sadecv una Concesión,Organización
4182,Direcciones Generales de Regulación,Otro
4776,S. A de C.V. E,Otro
5599,José Luis Oliva Cano y C. Sandra Mirea Meraz Ponce,Organización
2543,Título Noveno,Otro
11018,Solicitante,Otro
10147,Saltillo,Otro
3981,SADECV ANTECEDENTES I. Concesiones de Axtel Sabdecv El,Organización
9215,Tercer Tribunal Colegiado,Otro
5023,Gobierno,Otro
8475,CONCESIONES PARA INSTALAR,Otro
9209,Dirección General de Sistemas de Radio y Televisión de la Secretaría de Comunicaciones Y Transportes,Organización
10684,Artículo,Otro
4889,SCT,Otro
1475,Registro Público de Concesiones,Otro
10319,Folio de el SESI Expediente,Otro
5054,XHSDD-TV,Otro
2720,Chalcatzingo y Amayuca,Organización
6600,Bestphone Sadecv,Organización
6146,Tanyá,Otro
10409,Grupo AT & T y AT & T Opco Une Mex,Organización
1699,Adolfo Cuevas Teja,Otro
2490,Organización Mundial,Otro
4820,Tribunales Colegiados,Otro
7303,LFCE,Otro
3983,Telefonía Inalámbrica de el Norte,Organización
2362,Estado de Jalisco,Otro
10383,Argumentos,Otro
1425,Diario Oficial de la Federación,Otro
6724,C. Leonardo Julián López Sainz Puga,Otro
4417,Usc,Otro
4133,AXTEL,Otro
8495,Otorgamiento de Concesión Única,Otro
9809,Telefonía Fija,Otro
4484,Congruente,Otro
2289,Sesión Ordinaria XVII,Otro
2338,Municipio de Nava,Otro
9763,Acta de Verificación,Otro
2182,Marco Legal,Otro
3346,Telnor y Grupo Televisa,Organización
9957,Televisión de el Pacífico Sadecv,Organización
7729,Titulares de las Unidades Administrativas,Otro
10129,Cadena,Otro
8477,OTORGADA POR EL INSTITUTO FEDERAL DE TELECOMUNICACIONES EL,Organización
5962,Otorgamiento de las Concesiones de Bandas,Otro
6370,Cablecom,Otro
2817,Primera Sala de la Suprema Corte de Justicia de la Nación,Otro
10949,Y OTORGA UN TÍTULO DE CONCESIÓN ÚNICA PARA USO COMERCIAL,Otro
10407,LFTyR,Otro
10364,Competencia Económica de la Política Pública,Otro
8561,Servicios,Otro
7484,Uruguay,Otro
1666,Reforman y Adicionan Diversas Disposiciones de los Artículos,Organización
1917,Regla Transitoria,Otro
10585,GUANAJUATO,Otro
1811,Registro de Telecomunicaciones de la Comisión,Otro
6774,C. Juan Carlos Salamanca Uranga,Otro
11184,CONSIDERANDO Primero,Otro
4727,Áreas de el Servicio Local,Otro
5868,C. María de el Rosario Manuel Pineda,Otro
2372,Estado de San Luis Potosí,Otro
1782,Alegatos de Axtel,Otro
11120,C. Alfonso Urruela Ochoa,Otro
9495,Cerro de el Campo,Otro
9948,Corporación Tapatía de Televisión Sadecv,Organización
7690,Personas,Otro
2308,Poderes de la Unión,Otro
1764,Monterey Nuevo León,Otro
10386,Consideraciones de el Instituto Para,Organización
1557,Coordinación Ejecutiva,Otro
8854,Francisco,Otro
7750,Centro de Estudios,Otro
5386,Concentración,Otro
2148,Refrendo de la Concesión,Otro
2423,Solicitudes de Resolución,Otro
2083,TV Altura,Otro
3476,TERRITORIO NACIONAL,Otro
3422,Coordinación,Otro
8808,ÚNICAMENTE POR LO QUE RESPECTA A LAS LOCALIDADES DE MONCLOVA,Otro
10824,Rúbrica,Otro
10814,Costo,Otro
6805,C. Carlos Barrios Pérez,Otro
6846,Primera Ampliación de Cobertura,Otro
10998,Comisión,Otro
2481,Anteproyecto de Lineamientos,Otro
2615,Estado de Oaxaca,Otro
1586,XHSDD-TV de Sabinas,Otro
9133,Sistema de Cable Hkan Sadecv QUINTO,Organización
8828,MUNICIPIO DE ALLENDE,Otro
8551,Estado de Baja California Televisión,Otro
2708,San Pedro Limón,Otro
10148,Coahuila,Otro
1510,Registro Federal de Contribuyentes,Otro
4581,Concesionario de una RPT,Otro
5416,RigNet de México Srldecv,Organización
4861,Interoperabilidad,Otro
7433,Clasificación Internacional de el Funcionamiento de la Discapacidad,Organización
2716,Entidad Federativa,Otro
4140,Decimosexta,Otro
4867,Juzgado Decimosegundo de Distrito,Otro
11168,OPERAR Y EXPLOTAR UNA RED PÚBLICA DE TELECOMUNICACIONES,Organización
7982,Tipítaro,Otro
2142,San Pedro Buenavista,Otro
5325,Telecable Bacalar Sadecv,Organización
2420,Sistema Electrónico de Solicitudes de Interconexión,Otro
1660,Resolutivo Séptimo,Otro
10732,Mbps ESTÁNDAR DE COMPRESIÓN,Otro
10694,SDTV,Otro
11202,IFT-Transición,Otro
9590,EL SEÑOR MARCOS LÓPEZ ZAMORA,Otro
9153,Venta,Otro
9155,Tenosique y XHSTA-TV,Organización
10675,Identidad,Otro
11209,Ley,Ley
10615,Unidad de Medios y Contenidos Audiovisuales de el Instituto,Organización
1778,Telnor y Axte,Organización
4757,Funcionalidad,Otro
7727,DISPOSICIONES GENERALES ÁMBITO ADMINISTRATIVO DE APLICACIÓN,Otro
2697,Poza Rica de Hidalgo,Otro
2792,Nueva Red,Otro
8831,ZARAGOZA,Otro
1434,Estatuto Orgánico,Ley
2328,San Buenaventura,Otro
2678,Coahuayana de Hidalgo,Otro
8469,Servicios de Cable y Telecomunicaciones Sadecv,Organización
1727,Ampliación de Cobertura,Otro
9251,Director General de Defensa Jurídica,Otro
5840,Chiapas,Otro
7353,Aceptación de Condiciones de las Partes La,Organización
9556,Municipios,Otro
7462,Mobile Industry Good Practice Guide,Otro
2144,Estado de Chiapas,Otro
10845,Que,Otro
7722,Que el Gobierno Federal,Otro
6533,TELECABLE DE TIERRA CALIENTE SADECV,Organización
11126,Tabasco,Otro
3379,Lumenet Comunicaciones Srldecv QUINTO,Organización
7458,Reino Unido,Otro
1700,Mario Germán Fromow Rangel,Otro
2371,Municipio de Villa de Reyes,Otro
9768,Telefonía Internet y TV Sadecv Cuenta,Organización
10747,Dirección Ejecutiva de Prerrogativas y Partidos Políticos de el Instituto Nacional Electoral,Organización
1713,Acuerdo de Pago de Aprovechamientos,Otro
10167,Corte,Otro
11064,TÍTULO DE CONCESIÓN ÚNICA PARA USO COMERCIAL,Otro
10773,DOF,Otro
7345,RESERVADO POR LEY para TVI,Ley
2277,Decreto de Reformas,Otro
9414,C. Cuauhtémoc Unda Argüelles,Otro
7246,Ley General de Transparencia y Acceso,Ley
7450,Australia,Otro
1957,Convenio de Interconexión,Otro
10207,Interesado,Otro
11096,La,Otro
10667,Si,Otro
8576,Cablemás Telecomunicaciones Sadecv QUINTO,Organización
11076,Acuerdo de Pleno,Otro
2256,Quintana Roo,Otro
7902,Ziracuaretiro,Otro
2562,Diseño Universal,Otro
7770,DGARMSG,Otro
4779,F,Otro
7746,Unidad de Administración de el IFT,Otro
10821,Anexo Único,Otro
1726,Higinio Santiago Lastiri Quirós,Otro
2503,Standard Telephone Service,Otro
2584,Concesionario y Autorizado,Organización
2366,Melchor Múzquiz,Otro
11128,Televisión por Cable de Tabasco Sadecv Por lo tanto,Organización
10799,Federación,Otro
9017,Mexicali,Otro
1575,Municipio de Hecelchakan,Otro
2455,Distrito Federal y Jurisdicción,Organización
8856,Matamoros,Otro
7718,Presupuestaria de el Instituto Federal de Telecomunicaciones y CONSIDERANDO Que el Instituto Federal de Telecomunicaciones,Organización
6849,TV de Calpulalpan Sadecv Segunda Ampliación de Cobertura,Organización
2728,Acuerdo de Redes Públicas,Otro
2725,Zacualpan de Amilpas y Tlacotepec,Organización
2319,Estado de Chihuahua,Otro
6823,Anexo I,Otro
6760,Adicionalmente,Otro
11175,Anexo B,Otro
1496,Anexo A,Otro
4004,Telmex y Avantel Srldecv,Organización
2298,Soyatla y Pemuxco,Organización
7855,Jantetelco,Otro
1905,National Economic Research Associates,Otro
7794,Portal de Obligaciones de Transparencia de el Instituto,Organización
9746,Industria de el Instituto,Organización
2092,Escrito de Aceptación de Condiciones,Otro
1791,LFT Axtel,Otro
2223,Dirección General de Regulación Técnica,Organización
7167,TELECABLE DE COAHUAYANA,Otro
8923,Administrador General Único,Otro
9143,TELEVISIÓN TABASQUEÑA,Otro
11157,Visión de el Sureste Sadecv,Organización
5290,C. Victoria Noemí Canto Chacón,Otro
1763,Convenio Axtel-Telnor,Otro
1827,Código Federal de Procedimientos Civiles,Ley
1845,Redes Públicas de Telecomunicaciones,Otro
2518,Decreto Reglamentario,Otro
10831,R.,Otro
9920,ANTECEDENTES I.,Otro
4193,C. Acuerdo,Otro
10796,Órgano de Gobierno,Otro
7270,San Ángel y Grupo TVI,Organización
6347,IMPACTO TELECOMUNICACIONES,Otro
5389,Cuando,Otro
10146,XHRCG-TV,Otro
3137,Fuente,Otro
4760,Número de Accesos,Otro
2117,Comité Directivo,Otro
1731,Emiliano Zapata,Otro
1541,Presupuesto para el Ejercicio Fiscal,Otro
8097,Guadalajara,Otro
10904,Calderitas,Otro
1759,Telmex y Telnor,Organización
1463,Agentes Económicos,Otro
10396,Autorización,Otro
2276,Considerando Cuarto,Otro
9940,Televisora de Mexicali Sadecv,Organización
3380,Lumenet Comunicaciones Srldecv,Organización
2816,Suprema Corte de Justicia de la Nación,Otro
2626,Federal de Telecomunicaciones,Otro
11025,León,Otro
5340,Inmarsat,Otro
4531,Tarifa,Otro
2790,San Andrés Coru y El,Organización
2167,José de Jesús Partida Villanueva,Otro
1949,Concesionario Solicitante,Otro
5821,Solicitud La C. Manuel,Otro
2658,Procuraduría Federal de la Federación,Organización
1681,Guía Electrónica de Programación las Señales Radiodifundidas,Organización
2500,Telecommunications Act,Otro
10573,Hermovisión Srldecv CUARTO,Organización
4459,Reglas,Otro
2184,Pleno de la Suprema Corte de Justicia de la Nación,Otro
8281,GABRIEL BUTRÓN CHIAPA,Otro
7772,DGTIC,Otro
10398,Disposiciones,Otro
7472,Comunicaciones,Otro
2396,Considerando Sexto,Otro
10442,Resolutivos PRIMERO,Otro
4505,CNST,Otro
9515,MUNICIPIO DE POZA RICA DE HIDALGO,Otro
1656,Título de Concesión,Otro
10677,Logotipo,Otro
8235,Tlanalapa,Otro
2129,Cablemás Telecomunicaciones,Otro
7887,Cable Sistema de el Centro Sadecv,Organización
10401,AT & T Opco Une Mex,Otro
2110,Consejo de Administración de TVI,Otro
1487,Municipio de Altamira,Otro
7977,Tomendán,Otro
2511,Communications Act,Otro
2793,Municipios de Guadalajara,Otro
11169,ANTECEDENTES Otorgamiento de la Concesión,Otro
7909,San Ángel Zurumucapio,Otro
2794,El Salto,Otro
2575,Centros de Atención,Otro
11243,Acuerdo,Otro
5421,Inc.,Otro
10367,Consideraciones de el Instituto Los,Organización
9320,Materia Administrativa Especializado,Otro
1476,Resolutivo Primero,Otro
2798,Tequila y San Ignacio Cerro Gordo,Organización
10816,Trigésimo Primero de los Lineamientos,Otro
10358,Consideraciones,Otro
1638,Considerando Tercero,Otro
1825,Convenio Axtel,Otro
2310,Comisión Federal de Competencia,Organización
2021,Hidalgo y Huayacocotla,Organización
10545,Hermovisión,Otro
7480,Venezuela,Otro
10680,Televisión Digital Terrestre,Otro
3473,SEÑALES RADIODIFUNDIDAS NO MULTIPROGRAMADAS,Otro
2528,Ley de Infogobierno,Ley
3267,C. Francisco Grajales Palacios,Otro
11182,Opinión,Otro
7222,Telecable de Coahuayana Sadecv,Organización
1973,Capítulo Primero,Otro
10826,Rúbricas,Otro
4736,Área de Servicio Local,Otro
6816,Ley de el Sistema Publico de Radiodifusión de el Estado Mexicano,Ley
8809,MUNICIPIO DE MONCLOVA,Otro
2693,Acatlán y Miahuatlán,Organización
10736,RESOLUTIVOS Primero,Otro
10059,Televimex Sadecv,Organización
9329,EN EL ESTADO DE HIDALGO,Otro
1427,Decreto de Reforma Constitucional,Otro
3393,ACUERDO,Otro
2668,Municipio de Mexicali,Otro
1757,Concesión de Telnor,Otro
7114,El Ticuiz y Colonia,Organización
9149,XHSTA-TV,Otro
9220,Norma Oficial Mexicana,Otro
4309,Central B,Otro
8813,MUNICIPIO DE CASTAÑOS,Otro
11044,Resolutivo,Otro
7798,Titular de la UADM,Otro
1824,Convenios de Interconexión,Otro
10678,Barra,Otro
10671,Número de Canales de Programación,Otro
7342,Partes En el Escrito de Aceptación de Condiciones,Otro
11119,Conexión Tabasco Cables Sadecv,Organización
5349,Modificación de Régimen Social,Otro
8553,Antecedente II,Otro
1950,Enlaces de Transmisión,Otro
10127,SHCP,Otro
2572,Centro de Atención,Otro
1550,Dirección General de Tecnologías de la Información y Comunicaciones,Organización
10463,AT & T Comcentro Srldecv,Organización
7242,Núm. de Resolución,Otro
4659,Antecedente IV,Otro
2604,Tlapehuala y San José Poliutla,Organización
1695,Comisionado Presidente,Otro
9800,Internet Fijo y Telefonía Fija,Organización
5036,Mhz,Otro
1601,Unidad de Espectro Radioeléctrico,Otro
9554,Estados,Otro
10301,Metodología,Otro
2345,Parras de La Fuente,Otro
2782,Tipítaro y San Vicente,Organización
8020,C. Sara Quiroz Chapa,Otro
2799,Guadalajara Jalisco,Otro
2258,Juicio de Amparo,Otro
2721,Municipio de Jantetelco,Otro
10514,Municipio de Zacualtipán de Ángeles,Otro
2537,Instituto Nacional de Estadística y Geografía,Organización
2416,Metodología de Costos,Otro
1500,Solicitud Transición,Otro
5166,C. Miguel Ovando de Paz,Otro
8128,Nueva Red Internet de México Srldecv,Organización
10378,Consideraciones de el Instituto A,Organización
7704,TRANSITORIOS PRIMERO,Otro
6913,TV de Calpulalpan Sadecv,Organización
2605,Estado de Guerrero,Otro
7503,Ley General para la Inclusión de las Personas,Ley
7857,Huazulco,Otro
9247,Juzgado,Otro
4237,Reglas de el Servicio de Larga Distancia,Otro
2682,Cerro de Ortega,Otro
2297,Santa Mónica,Otro
9404,Tianguistengo,Otro
11217,Recursos Materiales Y Servicios Generales,Organización
7373,Partes,Otro
1913,Plan de Numeración,Otro
8578,Cablemás Telecomunicaciones Sadecv SEXTO,Organización
9205,Publicación de el Acuerdo de Susceptibilidad,Organización
2531,World Wide Web Consortium,Otro
8567,Mahahual,Otro
10911,Mega Cable Sadecv,Organización
2576,Tecnologías de Asistencia,Otro
2779,Caracha y Patuán,Organización
1616,Dirección General,Otro
7791,PEF,Otro
10912,Teléfonos de México Sabdecv,Organización
4307,Red A,Otro
6847,Tlaxcala,Otro
8830,MUNICIPIO DE MORELOS,Otro
3469,MODIFICA,Otro
10908,Othón P. Blanco,Otro
9550,Secretario,Otro
4746,Teléfonos de el Noroeste Sadecv,Organización
2786,Tumbiscatío de Ruiz,Otro
2607,Telecable de Tierra Caliente,Otro
1515,Dirección General de Supervisión,Organización
7477,Agencia para el Desarrollo de el Gobierno de Gestión Electrónica,Otro
8822,MUNICIPIO DE SAN JUAN DE SABINAS,Otro
10317,LFPA,Otro
4099,Decimonovena,Otro
10457,Reglamentaria,Otro
1491,Estado de Tamaulipas,Otro
1762,Axtel y Telnor,Organización
1977,Municipio de Tlanalapa,Otro
8581,Secretaría Técnica de el Pleno,Organización
1663,Lineamientos Generales,Otro
6611,ACUERDA PRIMERO,Otro
7538,AIR,Otro
5350,Orteg Sadecv,Organización
11195,Pleno,Otro
11001,Asimismo,Otro
9140,ANTECEDENTES Con,Otro
4355,CCE's y CTI's,Organización
4245,Toca,Otro
2476,Internet Fijo,Otro
9765,Charo,Otro
1914,Regla Vigesimasegunda,Otro
4463,Regla Quinta Transitoria,Otro
1819,Cláusula Decimosexta,Otro
8096,IP,Otro
1685,Ciudad de México,Otro
10459,AT & T Opco Une Mex Srldecv,Organización
10490,Requerimiento de Información,Otro
4044,Regla Decimaquinta de las Reglas de el Servicio Local,Otro
3392,Quinta Sección,Otro
1480,Luis Fernando Borjón Figueroa,Otro
1738,Municipio de Hueyotlipan,Otro
5418,RigNet de México Srldecv Como,Organización
7789,TRANSPARENCIA,Otro
7339,Compraventa GTV,Otro
8955,Unet Telecomunicaciones Sadecv,Organización
1860,Alegatos de Telmex y Telnor,Organización
9224,Requerimiento,Otro
2778,Municipio de Taretan,Otro
5631,C. Mario Alberto Radilla Hernández,Otro
2232,Honoris Causa Indefinida,Otro
8314,C. Butrón,Otro
3143,PROMOTORA MERCANTIL ESCOGAR DE LA FRAILESCA,Otro
9264,Amparo,Otro
4541,CTI's,Otro
4756,Dirección,Otro
2333,Municipio de Múzquiz,Otro
9946,Durango Sadecv,Organización
9234,Director General de Defensa Jurídica de el Instituto,Organización
4855,Resoluciones,Otro
1972,Título Sexto,Otro
9967,Dirección General de el Economía de el Espectro y Recursos Orbitales de la Unidad de Espectro Radioeléctrico,Organización
1484,Mario Germán Fromow Rangel y Adolfo Cuevas Teja,Organización
8834,MUNICIPIO DE RAMOS ARIZPE,Otro
7391,San Ángel Telecom Sadecv,Organización
2483,Oficialía de Partes Común,Otro
8675,Espectro Y Servicios A,Organización
10455,Juzgados de Distrito Especializados,Otro
2049,Título Quinto,Otro
1646,Federación para el Ejercicio Fiscal,Otro
10286,Concesiones,Otro
2336,Piedras Negras,Otro
5431,RNSAT Servicios de México Srldecv,Organización
2076,Resolutivo Primero de la Resolución,Otro
6161,NGNHOLDING Sadecv QUINTO,Organización
1511,Representante Legal,Otro
1662,Comisionado Luis Fernando Borjón Figueroa,Otro
7333,RESERVADO POR LEY de el Comité Regional Norte,Ley
2180,Televisión de Tabasco,Otro
4628,Ios,Otro
2339,Municipio de Allende,Otro
8832,MUNICIPIO DE ZARAGOZA,Otro
8946,Castaños,Otro
1951,RPTs de los Concesionarios,Otro
10109,Unidad de Política de Ingresos No Tributarios de la SHCP,Otro
1756,Sonora,Otro
2757,Municipio de Indaparapeo,Otro
1448,Dirección General de Concesiones de Telecomunicaciones,Organización
4308,Red B,Otro
8298,Tepeapulco,Otro
2107,GTV y TVI,Organización
1862,Reglamento de Telecomunicaciones,Otro
7432,CONTEXTO INTERNACIONAL,Otro
4811,Materia Administrativa de la Ciudad de México,Otro
4437,Esta,Otro
2472,Huay-Pix y Xul-Ha,Organización
2701,Ciudad de Poza Rica de Hidalgo,Otro
3492,Comisionado,Otro
10692,HDTV,Otro
1996,Personas Relacionadas,Otro
9555,Gobierno de el Distrito Federal,Otro
2262,Ejecutoria de Amparo,Otro
2690,Naolinco de Victoria,Otro
1761,Convenio Axtel-Telmex,Otro
7733,DGAODCH,Otro
5011,Tributarios de la SHCP,Otro
10350,Antecedentes I,Otro
4960,Obligaciones Derivadas de el Título de Concesión,Otro
8815,MUNICIPIO DE SAN BUENAVENTURA,Otro
8944,Monclova,Otro
11231,Unidad de Concesiones Y Servicios,Organización
10681,Antecedentes VIII,Otro
10822,Internet de el Instituto Federal de Telecomunicaciones,Organización
2058,Análisis de la Solicitud de Multiprogramación,Otro
5760,NO,Otro
1869,Concesiones de Telmex y Telnor,Organización
4795,ANTECEDENTES El,Otro
2016,Dirección General de Concesiones,Organización
10106,UER,Otro
4714,Originar,Otro
4961,Disposiciones Legales y Administrativas,Organización
7481,Ley para las Personas,Ley
7668,Pautas,Otro
7700,Portal de el Instituto,Organización
7495,Derechos de las Personas,Otro
10730,CANAL,Otro
7387,Televisión Internacional Sadecv,Organización
2529,Estados Unidos de América,Otro
10832,CONSIDERANDO Que,Otro
9326,SANTA MÓNICA,Otro
2645,Uso de la Concesión,Otro
8823,PIEDRAS NEGRAS,Otro
5082,Título de Concesión Única,Otro
8819,CIUDAD MELCHOR MÚZQUIZ,Otro
2502,Customer Equipment,Otro
4650,Consideraciones de la Comisión,Otro
9572,Administrador Único,Otro
2671,Comisión Nacional de Inversiones Extranjeras,Organización
4226,Tasa Interna de Retorno,Otro
5342,Nacional,Otro
9685,Primera Cesión,Otro
2335,Municipio de San Juan de Sabinas,Otro
11000,JOSE PEREZ RAMIREZ,Otro
6483,Telecable de Tierra Caliente Sadecv Decreto de Reforma Constitucional,Organización
2713,Municipio de Amatepec,Otro
1802,USe,Otro
1799,USc,Otro
2114,Grupo Televisa,Otro
2729,Municipio de Temoac y Zacualpan de Amilpas y Tlacotepec,Organización
2497,Agenda Conectar,Otro
3157,Ángel Albino Corzo,Otro
1606,Dirección General de Supervisión de la UC,Organización
10989,Apartado B,Otro
11094,Las,Otro
9165,Antecedente I. A el tenor de,Otro
1705,María Elena Estavillo Flores y Adolfo Cuevas Teja,Organización
11023,Megacable Sadecv y Axtel,Organización
2475,Editorial El Expreso,Otro
1746,Concesión de Axtel,Otro
1962,Teléfonos de México,Otro
4448,Jerarquías,Otro
5770,Procuraduría,Otro
4793,Teléfonos de México Sabdecv y Teléfonos de el Noroeste Sadecv,Organización
10738,Permiso,Otro
1831,Jefe de la Unidad de Prospectiva y Regulación,Organización
2787,La Purísima,Otro
6612,Denunciantes,Otro
4583,RPTs,Otro
9939,Televisión de Puebla Sadecv,Organización
2038,Solicitud de Multiprogramación,Otro
3940,XHKG-TV,Otro
2739,Concesiones de Bandas,Otro
8479,ANTECEDENTES Solicitudes de Prórroga de Vigencia,Otro
5055,Sabinas,Otro
10676,Nombre,Otro
7493,GAID,Otro
9216,Materia Administrativa de el Primer Circuito,Otro
1850,Reglamento Interior de la Secretaría,Otro
8087,Zapopan,Otro
10402,Grupo AT & T,Otro
2582,Accesibilidad para Personas,Otro
3133,Accionistas de Promotora Mercantil Accionista Participación,Otro
1592,Telesistemas de Coahuila,Otro
2776,Sara Quiroz Chapa,Otro
7632,CAPÍTULO QUINTO CENTROS DE ATENCIÓN Artículo,Otro
1525,Resolutivo Segundo,Otro
2835,Promoción y Asesoría,Organización
2143,Municipio de Villa Corzo,Otro
9494,Amatepec,Otro
3954,Lucia Pérez Medina Vda. de Mondragón,Otro
2667,Lumenet Comunicaciones,Otro
2091,Aceptación de Condiciones,Otro
1808,Aplicación Continua,Otro
5410,Grupo Gentux Sapidecv,Organización
2750,Santander Jiménez y Abasolo,Organización
10812,México,Otro
10756,EXPRESA,Otro
7667,WCAG,Otro
10220,Capacidad Económica,Otro
2449,Registro Público de Telecomunicaciones,Otro
1556,Secretaría Técnica,Otro
2592,Internet de los Concesionarios y Autorizados,Organización
10287,AT & T Central Srldecv,Organización
2595,Gobiernos Estatales y Municipales,Organización
1582,Otorgamiento de la Concesión,Otro
1548,Dirección General de Finanzas,Organización
2829,Justicia Federal,Otro
5780,Grupo Hidalguense de Desarrollo Sadecv,Organización
11239,Resolución,Otro
7489,Grecia,Otro
7110,C. Juan Alemán Vargas,Otro
1591,Concesión de Melchor Sánchez Dovalina,Otro
2173,José Humberto y Loucille,Organización
3349,Deltacom,Otro
7545,ACUERDO ÚNICO,Otro
11178,Lineamientos para el Otorgamiento de Concesiones,Otro
10698,Fracciones VI,Otro
10784,Competencia de el Instituto,Organización
9811,Derivado,Otro
10322,Red Local Móvil Grupo AT & T,Otro
2027,Título de Referendo de Permiso,Otro
7455,Sudáfrica,Otro
1806,Respuesta de Telmex y Telnor,Organización
2805,Playas de Rosarito,Otro
2643,Municipio de Playas de Rosarito,Otro
4366,Propuesta,Otro
1462,Agente Económico,Otro
2809,Pleno de la Comisión Federal de Telecomunicaciones,Organización
7979,Caracha,Otro
10850,Unidad de Administración de el Instituto,Organización
10661,Cuando el Instituto,Organización
10206,Formato IFT-Concesión Única,Otro
5973,Industria de el Instituto Federal de Telecomunicaciones,Organización
10718,Canal,Otro
1944,Servicios de Interconexión de una RPT,Otro
3994,Concesión de Teléfonos de el Noroeste Sadecv El,Organización
2759,Municipio de Morelia,Otro
1493,Municipio de Pánuco,Otro
2681,Estado de Michoacán,Otro
6818,LFD,Otro
1737,Municipio de Sanctorum de Lázaro Cárdenas y Hueyotlipan,Organización
11004,LFT,Otro
4461,Regla,Otro
2740,San Luis Potosí,Otro
5341,Iridium,Otro
2291,Ciudad de México y Jurisdicción,Organización
7981,El Hoyo de el Aire,Otro
4318,Se,Otro
8306,Solicitud De acuerdo con,Otro
4567,CTI de Telmex y Telnor,Organización
1667,Telecomunicaciones,Otro
5068,Telesistemas de Coahuila Sadecv,Organización
2165,Pedro Luis Fitzmaurice Meneses,Otro
1494,Estado de Veracruz,Otro
7483,Word Wide Web Consortium,Otro
9947,Televisora de Durango Sadecv,Organización
9128,Sistema de Cable Hkan Sadecv,Organización
4361,Adicional,Otro
1724,Resolutivo Cuarto,Otro
7740,Lineamientos de Austeridad y Ajuste Presupuestario para el Ejercicio Fiscal,Organización
10660,Tratándose,Otro
1454,Servicios de Telecomunicaciones,Otro
2012,Tezontepec de Aldama,Otro
9594,Reglamento de el Servicio de Televisión y Audio Restringidos,Organización
10257,Altata Telecomunicaciones de México Sapidecv,Organización
2662,Venustiano Carranza,Otro
2120,Comisionadas Adriana Sofía Labardini Inzunza y María Elena Estavillo Flores,Organización
10699,Dictamen de la DGCR La DGCR,Otro
1717,Jurídica y Administrativa,Organización
7510,Sistema Braille,Otro
9319,Especializado,Otro
10996,Unidad de Servicios,Otro
1838,Direcciones Generales de Prospectiva Regulatoria,Otro
2136,Noche Buena,Otro
2513,Uniform Federal Accessibility Standards,Otro
11146,Órgano Autónomo,Otro
10848,Secretario Técnico de el Pleno,Otro
11102,Dirección General de Concentraciones Y Concesiones,Organización
6778,C. Barrios y Personas Relacionadas,Organización
5332,CONCESIONARIA PARA INSTALAR,Otro
2691,Municipio de Acatlán,Otro
8951,Allende,Otro
2168,Hilda Graciela Rivera Flores,Otro
2813,Tribunal Colegiado,Otro
3470,ADICIONAN,Otro
2272,Tribunal Segundo Colegiado,Otro
1701,Javier Juárez Mojica,Otro
1534,Informes Trimestrales,Otro
4745,S. AB,Otro
5757,GHD,Otro
10324,Red Local,Otro
7404,Octava Sección,Otro
8954,Arteaga,Otro
2596,Asociaciones Civiles,Otro
1846,Diario Oficial de la Federal,Otro
10248,GHz,Otro
2191,Considerando Séptimo,Otro
1516,Dirección General de Adquisiciones,Organización
11172,Tampico,Otro
8818,CIÉNEGAS,Otro
10067,AEPR,Otro
7488,España,Otro
7350,Cable TV,Otro
10363,Resultados,Otro
10766,Primera Sección,Otro
1760,Axtel y Telmex,Organización
9068,Hecelchakan,Otro
11144,Anexo,Otro
3600,C. Jorge Adalberto Esperón Heredia,Otro
2090,Telecom Altura y Grupo TVI,Organización
9935,Radio Televisión Sadecv,Organización
3574,Cuichapa,Otro
3135,Juana García Ramos,Otro
6147,Municipio de Mocochá,Otro
2342,Ramos Arizpe,Otro
4223,E. Manifestaciones,Otro
9177,Intereses,Otro
2614,San Francisco Ixthuatán y Reforma de Pineda,Organización
9934,Canales de Televisión Populares Sadecv,Organización
1934,Regla Vigesimocuarta de las RdSL,Otro
4008,EI,Otro
10584,CON DISTINTIVO DE LLAMADA XHLEG-TDT,Otro
2630,Promotora Mercantil,Otro
1909,Regla Segunda,Otro
10664,El,Otro
11201,En,Otro
8624,Solicitud El C. Díaz,Otro
4722,Área de el Servicio Local,Otro
5838,C. Manuel,Otro
1911,Regla Sexta de las RdSL,Otro
7776,Programa de Disposición Final y Baja de Bienes Muebles,Organización
1980,Solicitud de Prórroga,Otro
10529,Hidalgo,Otro
4317,Es,Otro
11111,Solicitud,Otro
10586,ANTECEDENTES Título de Refrendo de el Permiso,Otro
9764,Indaparapeo,Otro
10733,Conforme a,Otro
1623,Adiciona y Deroga,Organización
9942,Televisora Peninsular Sadecv,Organización
9221,Sala Especializada,Otro
6549,Guerrero,Otro
4643,Tráfico,Otro
10466,AT & T Norte Srldecv y AT & T Central Srldecv,Organización
2162,Mario Enrique Mayans Concha,Otro
2722,Temoac y Popotlán,Organización
2796,Puerto Vallarta,Otro
4602,Modelo,Otro
1472,Ley Federal de Procedimiento Administrativo,Ley
11173,Servicio de Transmisión Bidireccional de Datos,Organización
10734,Lineamientos Generales para el Acceso,Otro
1602,Dirección General de Concesiones de Radiodifusión de la UCS,Organización
1563,Tesorería de la Federación,Otro
10513,Zacualtipán,Otro
10231,Así,Otro
7340,GTV,Otro
3421,Instituto el Análisis de Impacto Regulatorio de el Anteproyecto,Organización
2445,Modelo de Costos,Otro
10910,Cablemás Telecomunicaciones Sadecv,Organización
2020,Tepeapulco y Tlanalapa,Organización
10458,Total Play Telecomunicaciones Sadecv,Organización
2311,Análisis de la Solicitud de Cesión de Derechos,Organización
6826,Que la LFD,Otro
7856,Amilcingo,Otro
1786,Plan de Interconexión,Otro
4673,Reglamento Interior de la Secretaría de Comunicaciones Y Transportes,Organización
4176,Unidad y Coordinación General,Organización
10461,Comunicaciones de México Srldecv,Organización
8478,CON COBERTURA NACIONAL,Otro
9952,Televisora XHBO Sadecv,Organización
7728,Unidades Administrativas de el Instituto Federal de Telecomunicaciones,Organización
2102,TV Altura y Telecom Altura,Organización
2631,Jaltenango de la Paz,Otro
9222,Administrativa,Otro
1535,Gobierno Federal,Otro
10652,UCS,Otro
7765,Sistema de Comprobación Técnica de el Espectro Radioeléctrico,Organización
10044,Comunicaciones Y Transportes,Organización
2350,Municipio de Francisco,Otro
10726,UCE,Otro
1545,Dirección General de Administración,Organización
8829,MORELOS,Otro
1512,Folio Electrónico,Otro
2553,Transitorio Tercero de los Lineamientos,Otro
3144,SADECV Asimismo,Organización
7349,Acuerdo de Recepción,Otro
1723,Bandas de Frecuencias de Espectro Libre,Otro
7436,Convención de las Naciones Unidas,Otro
4764,Comisión Federal de Telecomunicaciones y Axtel Sabdecv,Organización
2325,Municipio de Monclova,Otro
5067,Resolutivo Tercero Telesistemas de Coahuila Sadecv,Organización
2657,Estado de México y Distrito Federal,Organización
11237,Cable Sur Sadecv,Organización
10538,Huayacocotla,Otro
9283,LFRTVV,Otro
10541,Hermovisón,Otro
3653,TV CABLE DE JIMÉNEZ CHIHUAHUA,Otro
11241,Comisionados,Otro
4543,ASL's,Otro
10061,Trigésima,Otro
10115,Decreto,Otro
4835,Justicia de la Unión,Otro
2555,Comisionado Mario Germán Fromow Rangel,Otro
2318,Municipio de Jiménez,Otro
4422,RSLD,Otro
2689,Mario Alberto Radilla Hernández,Otro
5411,C. Noel Abel Delgado Montañez,Otro
1997,Sky y Dish,Organización
11055,C. José Pérez Ramírez,Otro
7430,Estrategia Digital Nacional,Otro
2606,Subsecretaría de Comunicaciones de la Secretaría,Organización
8426,Concesionarios,Otro
2193,Televisión Roberto Casimiro González Treviño,Otro
1958,Registro de Telecomunicaciones,Otro
7112,Telecable de Coahuayana Sadecv Primera,Organización
7377,ACUERDOS PRIMERO,Otro
7253,ANTECEDENTES Mediante,Otro
2663,Municipio de Venustiano Carranza,Otro
7785,UADM,Otro
1589,Melchor Sánchez Dovalina,Otro
11070,Solicitud de Opinión Técnica,Otro
10657,Capítulo IX,Otro
2612,San Pedro Tapanatepec,Otro
1851,Dirección General de Redes y Radiocomunicación,Organización
2655,María Elena Estavillo Flores y Mario Germán Fromow Rangel,Organización
3481,TRANSITORIO ÚNICO,Otro
7714,Accesibilidad,Otro
2164,Televisión de la Frontera,Otro
3443,MODIFICACIÓN,Otro
9760,No obstante,Otro
3134,Limber Maxsau Escobar Camas,Otro
2585,Centros de Atención de los Concesionarios y Autorizados,Organización
10045,Gobernación,Otro
2347,San Pedro,Otro
1558,Autoridad Investigadora,Otro
10096,Constitucional,Otro
2819,Ley Federal de Telecomunicaciones y Ley Federal de Procedimiento Administrativo,Ley
1647,MHz,Otro
9941,Televisora de Occidente Sadecv,Organización
4344,Anexo A de el Convenio Axtel-Telmex,Otro
10217,Económica,Otro
3132,Solicitud Negocio de Promotora Mercantil y Personas Relacionadas Promotora Mercantil,Organización
4097,Tribunales,Otro
4613,Los Ángeles,Otro
7410,ESTATUTO Orgánico de el Instituto Federal de Telecomunicaciones,Ley
2754,Notario Público No,Otro
2113,Disposiciones Regulatorias de la Ley Federal de Competencia Económica,Ley
2567,Nivel de Conformidad AA,Otro
9951,Michoacán Sadecv,Organización
1817,Red Pública de Telecomunicaciones de Larga Distancia,Otro
1628,El Concesionario,Otro
7983,Zirimícuaro,Otro
10003,Reforma,Otro
5529,Miahuatlán,Otro
3307,Anexo I de el Acuerdo de Pago de Aprovechamientos,Otro
4225,Flujos de Efectivo Relevantes,Otro
3551,Unidad Cumplimiento,Otro
10735,Multiprogramación,Otro
4626,Plan,Otro
7858,Barrio Santo Tomás,Otro
2649,Municipio de Solidaridad,Otro
6844,Calpulalpan,Otro
2519,Norma Técnica ICONTEC,Otro
5348,Orgtec Sadecv Decreto de Reforma Constitucional,Organización
2624,Unidad de Supervisión General de Verificación,Organización
9268,Unión,Otro
1690,Canal de Programación,Otro
7691,Discapacidad,Otro
7535,CGMR,Otro
4759,Las ASL,Otro
1691,Canal de Transmisión,Otro
7487,Dinamarca,Otro
8825,NAVA,Otro
2489,Organización Mundial de la Salud,Organización
2435,Cobertura Universal,Otro
10087,Contraprestación,Otro
10281,AT & T NORTE,Otro
9139,S. A DE C.V.,Otro
5600,Naolinco,Otro
1755,Municipio de San Luis Rio Colorado,Otro
7113,Zapotán,Otro
10741,Canales MEDIA,Otro
9785,Solicitudes,Otro
9202,CONCEDER EL AMPARO,Otro
9943,Telemisión Sadecv,Organización
1639,Diccionario de la Real Academia Española,Otro
2334,San Juan de Sabinas,Otro
2780,Municipio de Ziracuaretiro,Otro
1955,Enlace de Transmisión,Otro
1871,Sexta y Séptima Transitorias de las RSLD,Organización
10474,SRLDECV,Organización
6162,NGNHOLDING Sadecv,Organización
10320,Modalidad Inicio,Otro
2493,Estados Miembro,Otro
10224,Registro Público de Comercio de el D.F. Capacidad Administrativa,Otro
9762,Con,Otro
1683,Guía Electrónica de Programación,Organización
10999,Coordinación General de Organización y Tecnologías de la Información,Organización
8630,SIC,Otro
1444,Unidad de Competencia Económica,Otro
2389,TV Tabasqueña,Otro
8086,Programa,Otro
9245,Requerimiento de Cumplimiento,Otro
2348,Municipio de San Pedro,Otro
7551,Adolfo Cuevas Teja y Javier Juárez Mojica En,Organización
4823,Materia Administrativa Especializados,Otro
2434,Regulación Asimétrica,Otro
2569,Internet,Otro
4600,CCE,Otro
9506,C. Víctor Joaquín Rodríguez Trujillo,Otro
1502,Unidad de Cumplimiento,Otro
3131,Análisis,Otro
2495,Conferencia de Plenipotenciarios de la UIT,Otro
5825,RPC,Otro
2174,Martínez Morales,Otro
9824,Telefonía Internet y TV,Organización
1969,Puertos de Acceso y Enlaces de Transmisión,Organización
3705,TV Cable de Jiménez Chihuahua Sadecv,Organización
1989,Dirección General de Redes,Organización
2352,Municipio de Matamoros,Otro
1481,Ernesto Estrada González,Otro
5754,GRUPO HIDALGUENSE DE DESARROLLO,Otro
7756,DISPOSICIONES EN MATERIA DE SERVICIOS PERSONALES,Otro
2340,Municipio de Morelos,Otro
9845,Servicio y Equipo,Organización
7577,CAPÍTULO SEGUNDO ACCESO EN IGUALDAD DE CONDICIONES Artículo,Otro
10752,Gobierno de el Estado de Guanajuato,Otro
2387,Delegación Cuajimalpa de Morelos,Organización
10283,SRLDECV APLICABLES DE EL,Organización
2085,Titular de la Unidad de Competencia Económica,Otro
2221,Lineamientos para la Acreditación de Peritos,Otro
2046,Antecedente VIII,Otro
10528,Tezontepec de Aldama y Zacualtipán de Ángeles,Organización
1943,RPT de un Concesionario,Otro
4236,F. Manifestaciones,Otro
8835,ARTEAGA,Otro
1451,El Instituto,Organización
1729,Dirección General de Televisión y Audio Restringidos,Organización
2558,Servicios Públicos de Telecomunicaciones,Otro
1529,Ley Federal de Presupuesto y Responsabilidad Hacendaria,Ley
2026,Gobierno de Guanajuato,Otro
1682,Señales Radiodifundidas,Otro
7494,Convención,Otro
7466,Hearing Aid Compatibility Act,Otro
6548,Tlapehuala,Otro
2499,Estado Miembro de la Organización de las Naciones Unidas,Otro
7457,Sección,Otro
7479,Conocimiento,Otro
2741,Guanajuato y Querétaro,Organización
8344,C. Gabriel Butrón Chiapa,Otro
1775,Respuestas de Telmex y Telnor,Organización
2057,Canales de Programación,Otro
2377,Unión Juárez,Otro
1565,Manual de Percepciones,Otro
7467,UFAS,Otro
2300,Cesión de Derechos,Organización
7434,Salud,Otro
10536,C. Wilfrido Butrón Morales,Otro
2546,Lineamientos de Accesibilidad,Otro
11118,Televisión por Cable de Tabasco Sadecv,Organización
9769,Cuenta,Otro
8827,ALLENDE,Otro
10284,ANTECEDENTES Concesión de Total Play Telecomunicaciones Sadecv,Organización
3424,Análisis de Impacto Regulatorio de el Anteproyecto,Otro
2006,Comisionada Adriana Sofía Labardini Inzunza,Otro
1486,Altamira y Miramar,Organización
4876,SADECV ANTECEDENTES I.,Organización
7596,Especificación,Otro
2353,Estado de Coahuila,Otro
1976,Municipio de Tepeapulco,Otro
8814,SAN BUENAVENTURA,Otro
7768,Normas,Otro
1501,Cumplimiento de Obligaciones,Otro
10631,Antecedente XIII,Otro
4775,Teléfonos de México Sabdecv y Teléfonos de el Noroeste,Organización
1985,La Secretaría,Otro
1758,Solicitud de Resolución,Otro
2137,Delegación Benito Juárez,Otro
4359,CCE's,Otro
4792,Axtel Sabdecv,Organización
1773,Oficio de Vista,Otro
10658,Sección II de la Ley,Ley
7371,Grupo TVI,Otro
5010,Unidad de Política de Ingresos,Otro
10161,SÉPTIMO,Otro
8873,Dirección General de Telecomunicaciones de el Instituto,Organización
1978,Estado de Hidalgo,Otro
2248,República,Otro
2641,Puerto Aventuras y Ciudad Riviera,Organización
2683,Municipio de Tecomán,Otro
9949,Televisión de Michoacán Sadecv,Organización
8653,C. Nicolás Díaz Trujillo,Otro
3987,Concesión de Teléfonos de México Sabdecv El,Organización
10691,Estándar,Otro
9953,Tv,Otro
10705,SÍ CUMPLE,Otro
7115,Camalote,Otro
1732,Hidalgo y Nanacamilpa,Organización
2541,Estatal y Municipal,Organización
2591,Internet de los Concesionarios y Autorizados de Servicios Públicos de Telecomunicaciones,Organización
10308,Publicación de Tarifas de Interconexión,Organización
1714,Análisis de la Solicitud de Concesión,Otro
4180,Regulación,Otro
4850,Acuerdos,Otro
4611,RdSL,Otro
11124,TV,Otro
4612,Hotel de Carriers,Otro
4758,El ASL,Otro
10017,Calidad de Agente Económico Preponderante de el Concesionario,Otro
2384,San Lorenzo Acopilco,Otro
2834,Promoción y Asesoría Integral de Telecomunicaciones,Organización
5029,Telesistemas de Coahuila Sadecv XHSDD,Organización
1780,Alegatos de Telnor,Otro
4098,Poder Judicial,Otro
7719,Que la Ley Federal de Presupuesto y Responsabilidad Hacendaria,Ley
7453,AS,Otro
2628,San Pedro Tanatepec,Otro
2321,Prórrogas Solicitadas,Otro
2032,Canal Adicional Digital,Otro
2494,Estados Partes,Otro
5964,Video Grylm Sadecv,Organización
9801,SETIT,Otro
9343,Antecedente VI,Otro
2646,Compromisos de Cobertura,Otro
2385,Delegación Cuajimalpa,Otro
2302,Solicitud de Cesión de Derechos,Organización
2619,Jesús Nataren Ovando,Otro
2048,Constitución Política de los Estados Mexicanos,Ley
9189,Televisión Tabasqueña Sadecv SEGUNDO,Organización
7417,COMPETENCIA DE EL INSTITUTO,Organización
7984,San Ángel Zurumacapio,Otro
1508,Ley Federal de Telecomunicaciones,Ley
2069,Dirección General de Radio,Organización
9695,Segunda Cesión,Otro
8570,Televisión,Otro
5382,Considerando Primero,Otro
1459,Ley de Competencia,Ley
7491,Iniciativa Global para TIC,Otro
10617,Solicitud de Opinión,Otro
8838,MUNICIPIO DE PARRAS,Otro
11190,Radiodifusión,Otro
8560,Cobertura Fecha,Otro
2601,Vega de Alatorre y Emilio Carranza,Organización
1466,Análisis de la Solicitud de Enajenación de Acciones,Otro
2130,Patricio Rivas San Román,Otro
11156,Visión de el Sureste Sadecv CUARTO,Organización
1844,Jefe de Unidad de Prospectiva y Regulación,Organización
1981,Unidad de Supervisión y Verificación,Organización
1797,Puntos de Interconexión,Otro
1736,Municipio de Benito Juárez,Otro
7352,Expediente,Otro
2559,Concesionarios y Autorizados de Servicios Públicos de Telecomunicaciones,Organización
10072,Canal RCG,Otro
1499,Uso Comercial,Otro
2727,Estado de Morelos,Otro
1528,Presupuesto de Egresos de la Federación para el Ejercicio Fiscal,Otro
11022,DTH,Otro
2101,Grupo Multimedios,Otro
6610,Estatuto Orgánico de el Instituto,Ley
1703,Mario Germán Fromow Rangel y Javier Juárez Mojica,Organización
3344,C. Mónica Flores Corona,Otro
9175,Oficialía,Otro
10767,INSTITUTO FEDERAL DE TELECOMUNICACIONES ACUERDO,Organización
1488,Ciudad Madero,Otro
7370,Fase,Otro
6036,Zacatecas,Otro
10847,ACUERDO PRIMERO,Otro
10905,Chetumal,Otro
1783,Ley Orgánica de la Administración Pública Federal,Ley
4085,ASLs,Otro
2496,Conferencia de Plenipotenciarios,Otro
1489,Municipio de Ciudad Madero,Otro
2104,RESERVADO POR LEY,Ley
3350,Rent-A-Com,Otro
6145,Baca,Otro
7500,ENADID,Otro
2688,Municipio de Aquila,Otro
2229,Adolfo Cuevas Teja y Javier Juárez Mojica,Organización
6149,NGNHOLDING,Otro
2520,Plan Vive Digital,Otro
10462,AT & T de el Golfo Srldecv,Organización
2517,Administración Pública,Otro
7332,CVQ RESERVADO POR LEY,Ley
1870,Reglas Quinta,Otro
8357,Servicios de Cable y Telecomunicaciones Sadecv Decreto de Reforma Constitucional,Organización
11222,Secretaría,Otro
6604,Director General de Procedimientos de Competencia de el Instituto,Organización
2784,San Andrés Coru y El Copal,Organización
1935,Servicio de Interconexión,Otro
7454,ACIF,Otro
10997,Industria,Otro
10574,Hermovisión Srldecv,Organización
7766,La DGARMSG,Otro
2505,Electronic Communications Act,Otro
1754,Baja California,Otro
4078,Tarifas de Tránsito,Otro
9496,Amador,Otro
1979,Prórroga de Vigencia,Otro
6405,Impacto Telecomunicaciones Sadecv,Organización
9803,Telmex,Otro
4380,Redes Públicas de Larga Distancia,Otro
7516,NECESIDADES DE LAS PERSONAS CON DISCAPACIDAD,Otro
10546,Finalmente,Otro
3488,Comisionada,Otro
7782,Instituto para el Ejercicio Fiscal,Organización
10218,Capacidad Técnica,Otro
9955,Televisora Potosina Sadecv,Organización
11174,S. A de C.V.,Otro
2804,Ensenada Municipio de Ensenada,Otro
7463,Service Delivery,Otro
10020,Interés,Otro
4884,Televisora Alco Sadecv,Organización
10348,SESI,Otro
2163,Televisión La Paz,Otro
8821,SAN JUAN DE SABINAS,Otro
2803,Municipio de Tijuana,Otro
1994,Municipio de Tepeapulco y Tlanalapa,Organización
8423,Solicitantes,Otro
10180,IFT-Concesión Única,Otro
2687,Aquila y La Placita de Morelos,Organización
2498,Estados Miembros,Otro
10648,Ámbito Competencial,Otro
2443,Costo de Capital Promedio Ponderado,Otro
2560,Caseta Pública,Otro
2363,Clausula Quinta,Otro
8811,MUNICIPIO DE FRONTERA,Otro
1483,María Elena Estavillo Flores,Otro
9154,XHMET-TV,Otro
2731,León de Los Aldama,Otro
2099,Operación Modificada,Otro
9588,SMART CABLE,Otro
2317,José Mariano Jiménez,Otro
9975,Dirección General de Concentraciones Y Concesiones de la UCE,Organización
6779,C. Barrios,Otro
4783,Axtel Sabdecv G,Organización
1513,Análisis de la Solicitud de Transición,Otro
4785,Axtel Sabdecv H,Organización
3396,EN MATERIA DE TELECOMUNICACIONES,Otro
1704,Comisionados Adriana Sofía Labardini Inzunza,Otro
9250,Director General de Concesiones de Radiodifusión,Otro
2238,Municipio de Moloacán,Otro
10123,Concesionario Distintivo-Frecuencia Monto,Otro
1982,Competencia Económica,Otro
3980,SABDECV Y TELÉFONOS DE EL NOROESTE,Organización
7801,TRANSITORIOS Único,Otro
2217,Registro Nacional de Peritos Acreditados,Otro
1706,Municipio de Baca,Otro
1464,Registro Público de Comercio,Otro
10277,AT & T DE EL OCCIDENTE,Otro
7755,MEDIDAS DE AUSTERIDAD Y DISCIPLINA DE EL GASTO PARA EL EJERCICIO,Organización
1568,Titulares y Coordinadores Generales,Organización
9933,Grupo Televisa S.A.B.,Otro
10121,Crédito Público,Otro
1430,Ley Federal de Telecomunicaciones y Radiodifusión,Ley
7568,Lineamientos Generales de Accesibilidad,Otro
7569,Servicios Públicos de Telecomunicaciones para Usuarios,Otro
10108,No,Otro
2836,San José Chiapa,Otro
10318,AT & T Opco Une Mex y Total Play,Organización
7348,FGS,Otro
3186,Promotora Mercantil Escogar de la Frailesca Sadecv CUARTO,Organización
10082,Considerando,Otro
7661,Información,Otro
2406,Total Play,Otro
7763,Las UA,Otro
1893,Central de Conmutación,Otro
1798,Servicio Local,Otro
9516,EN EL ESTADO DE VERACRUZ,Otro
10460,AT & T Desarrollo,Otro
2837,Municipio de San José Chiapa,Otro
9517,SADECV ANTECEDENTES Otorgamiento de la Concesión,Organización
2704,Palmar Chico,Otro
10275,AT & T COMCENTRO,Otro
4812,Amparar y Proteger,Organización
7478,Sociedad de la Información,Otro
10907,Bacalar,Otro
10122,IFT,Otro
8565,Xel-Ha,Otro
11130,Visión de el Sureste,Otro
10149,Resolutivos,Otro
1523,Resolutivo Tercero,Otro
7659,Discriminación,Otro
1546,Organización y Desarrollo de Capital Humano,Organización
2234,Planta Baja,Otro
8945,Frontera,Otro
11242,Estatuto Orgánico de el Instituto Federal de Telecomunicaciones,Ley
11224,Ley de el Sistema Público de Radiodifusión de el Estado Mexicano,Ley
9188,Considerando SEGUNDO,Otro
10685,Lineamientos Fracción I. El Gobierno de Guanajuato,Organización
2547,Comisión Federal de Mejora Regulatoria,Organización
2806,Ensenada y Rosarito,Organización
7234,LEYENDA DE LA CLASIFICACIÓN Fecha de Clasificación,Ley
2758,Municipio de Charo,Otro
2013,Municipio de Tezontepec de Aldama,Otro
2247,Radiodifusión y Telecomunicaciones,Organización
4501,CST,Otro
2526,Gaceta Oficial de la República Bolivariana de Venezuela,Otro
1562,Instituto Federal de Telecomunicaciones para el Ejercicio Fiscal,Organización
4697,Teléfonos de el Noroeste,Otro
4497,CTl's,Otro
8083,Registro Público de la Propiedad,Otro
3472,SEÑALES RADIODIFUNDIDAS MULTIPROGRAMADAS CON MAYOR AUDIENCIA,Otro
8562,Fecha,Otro
2530,Venezuela y Colombia,Organización
2403,Servicio Público de Televisión,Otro
4255,Alestra Srldecv,Organización
2401,Resolutivo Segundo de la Resolución,Otro
7757,MEDIDAS ESPECÍFICAS PARA REDUCIR EL GASTO DE OPERACIÓN,Otro
10212,Características Generales de el Proyecto,Otro
11115,Centro,Otro
11183,Antecedentes,Otro
3348,Servitron,Otro
10842,Sistema de Servicio Profesional,Otro
10135,Concesionario,Otro
4609,ASL,Otro
2770,Estado de Puebla,Otro
2421,Acuerdo de Tarifas,Otro
2004,Resolutivos Primero,Otro
4856,Artículos,Otro
2341,Municipio de Zaragoza,Otro
1658,Comisionados Gabriel Oswaldo Contreras Saldívar,Otro
2343,Municipio de Ramos Arizpe,Otro
7731,DEFINICIONES,Otro
6025,Concesionaria Comseg Sadecv la Concesión de Red,Organización
1992,Dirección General de Verificación,Organización
7248,Confidencial,Otro
10291,AT & T Norte Srldecv,Organización
8127,Nueva Red Internet de México Srldecv QUINTO,Organización
1485,Cable Sur,Otro
2329,Municipio de San Buenaventura,Otro
4184,XlV,Otro
7509,Lengua de Señas Mexicana,Otro
8824,MUNICIPIO DE PIEDRAS NEGRAS,Otro
2235,Colonia Noche Buena,Otro
11226,RESOLUTIVOS PRIMERO,Otro
2089,Dicha Resolución,Otro
10158,Resolutivos Tercero,Otro
2769,Teziutlán y Chignautla,Organización
2381,Martha Elba Manuel Pineda,Otro
9591,EL CESIONARIO,Otro
1671,Unidad de Medios y Contenidos Audiovisuales,Organización
10033,Temporalidad,Otro
9603,Digicable Sadecv,Organización
8755,Santo,Otro
9592,Cláusula Quinta,Otro
8820,MUNICIPIO DE MÚZQUIZ,Otro
4001,Sonoita,Otro
5347,Tecnologías de Control de el Norte Sadecv,Organización
5343,Cesiones de Derechos,Otro
2252,Juzgado Segundo,Otro
6371,Puebla,Otro
10271,AT & T DESARROLLO EN COMUNICACIONES DE MÉXICO,Otro
8090,San Sebastián de el Oeste,Otro
7563,Atención,Otro
2679,Coahuayana Viejo y San Vicente,Organización
9958,Tele-emisoras de el Sureste Sadecv,Organización
1432,Decreto de Ley,Ley
11203,Instrumento,Otro
7228,Reservado por Ley,Ley
7474,Ley N°,Ley
9327,SOYATLA Y PEMUXCO,Organización
7853,Solicitud Con,Otro
1426,Constitución Política de los Estados Unidos Mexicanos,Ley
10099,LFRTV,Otro
4773,Resolutivo SEGUNDO,Otro
8837,Y PARRAS DE LA FUENTE,Otro
1640,Ley General de Bienes Nacionales,Ley
4888,Concesión de Televisora Alco Sadecv,Organización
4128,PLAZO INICIAL,Otro
7820,Información Complementaria,Otro
10379,DÉCIMO TERCERO,Otro
10940,Editorial El Expreso de Q. Roo Sadecv,Organización
2427,Interés Público,Otro
11189,Pleno de el Instituto,Organización
7273,Grupo TVI y CVQ,Organización
11188,Constitución,Ley
10800,Ley Federal para la Administración y Enajenación de Bienes de el Sector Público,Ley
2501,Telecommunication Disability Standard,Otro
4729,Banco de México,Otro
9312,Playa de el Carmen,Otro
3991,Título de Concesión de Teléfonos de México,Organización
2054,Calidad Técnica,Otro
7251,Prosecretaria Técnica de el Pleno,Otro
1440,Solicitud de Enajenación de Acciones,Otro
9584,Dirección General de Política de Telecomunicaciones y Radiodifusión,Organización
2212,Disposiciones Técnicas,Otro
2327,Municipio de Castaños,Otro
7978,Ziracuarétiro,Otro
10624,Opinión de la UCE,Otro
7906,La Purísima y El Hoyo de el Aire,Organización
10279,AT & T SURESTE,Otro
1718,Notario Público,Otro
7329,Después de la Fusión CVQ-Grupo TVI,Otro
4181,Corresponden,Otro
5404,RNSAT Servicios de México Srldecv En,Organización
8629,NICOLÁS DÍAZ TRUJILLO,Otro
4723,S,Otro
4137,En todo caso,Otro
4636,Instalación de el Concesionario,Otro
1987,Análisis de la Solicitud de Prórroga,Otro
8952,Morelos,Otro
4266,Condición,Otro
7530,Coordinación General de Política de el Usuario de el Instituto,Organización
10543,Veracruz,Otro
6019,CONCESIONARIA COMSEG,Otro
7520,CONSULTA PÚBLICA,Otro
8836,MUNICIPIO DE ARTEAGA,Otro
3125,Municipio de Ángel Albino Corzo,Otro
7839,Los,Otro
10610,C. Rafael Alberto Díaz,Otro
9152,XHVET-TV,Otro
6673,LEONARDO JULIAN LOPEZ SAINZ PUGA,Otro
11235,Comisionado Presidente de el Instituto Federal de Telecomunicaciones,Organización
8949,Ciénegas,Otro
1865,Trigésimo Segundo,Otro
7498,SITUACIÓN ACTUAL EN MÉXICO,Otro
2260,Recurso de Revisión,Otro
2627,Dirección General de Política de Telecomunicaciones,Organización
2795,Tlajomulco de Zúñiga,Otro
2669,Estado de Baja California,Otro
1490,Municipio de Tampico,Otro
11140,Capítulo IX de el Título I,Otro
10793,Peritos,Otro
5830,Chis,Otro
7974,C. Quiroz,Otro
10315,Grupo AT & T y Total Play,Organización
7799,Presidente,Otro
1751,Concesión de Telmex,Otro
4750,Áreas de Servicio Local,Otro
2159,Televisora de Navojoa,Otro
9273,Ejecutoria,Otro
10620,Unidad de Competencia Económica de el Instituto,Organización
5414,Adquirientes,Otro
7241,LGTAIP,Otro
2111,Aumento de Capital,Otro
1923,CTl's y CCE's,Organización
7281,DGCC,Otro
10053,GIETV,Otro
4518,Costos,Otro
10724,DGCR,Otro
2538,Encuesta Nacional de la Dinámica Demográfica,Otro
2288,Ley Federal de Radio y Televisión-vigente,Ley
10913,DGCT,Otro
2254,Acuerdo de Susceptibilidad,Otro
7863,Ultravisión Sadecv,Organización
9270,Tribunal,Otro
2008,Ley de Ingresos de la Federación,Ley
2680,Municipio de Coahuayana,Otro
7395,Resolutivo PRIMERO de la Resolución,Otro
2610,Telecable de Tierra Caliente y Personas Relacionadas,Organización
8543,Cobertura Servicios,Otro
10939,Editorial El Expreso de Q. Roo Sadecv CUARTO,Organización
10688,Canal de Programación Calidad,Otro
2181,Ramona Esparza González,Otro
1437,Noel Abel Delgado Montañez,Otro
2589,Conceptos de Discapacidad,Otro
2785,Muncipio de Ziracuaretiro,Otro
5432,Total,Otro
2323,Solicitudes de Prórrogas,Otro
1659,Comisionado Adolfo Cuevas Teja,Otro
7460,Entitlement,Otro
11228,Concesión Única para Uso Comercial,Otro
2070,Televisión y Cinematografía de la Secretaría de Gobernación,Organización
10892,Acceso,Otro
4231,TIR,Otro
10954,Solicitud de Prórroga de Vigencia,Otro
1931,Modelo de la Comisión,Otro
7517,TIC,Otro
10124,Roberto Casimiro González Treviño XHRCG,Otro
6482,C. María Lucila García Rodríguez,Otro
9191,Televisión Tabasqueña Sadecv,Organización
9682,Cable Conexión Sadecv,Organización
1509,Formato IFT-Transición,Otro
8550,Estado de Quintana Roo Televisión,Otro
2709,Municipio de Tlatlaya,Otro
11141,Capítulo,Otro
2219,Honoris Causa,Otro
10285,Operador,Otro
3611,C. Ricardo León Garza Limón,Otro
1610,TV Abierta Comercial,Otro
4162,T,Otro
6047,Concesionaria Comseg Sadecv,Organización
9317,Juzgado Segundo de Distrito,Otro
1650,Reglamento de la Ley Federal de Radio y Televisión,Ley
10629,Alcance,Otro
6817,Que la Ley Federal de Derechos,Ley
4131,APLICACIÓN CONTINUA,Otro
7393,C. RESERVADO POR LEY,Ley
8855,Chávez,Otro
10641,Antecedente XVII,Otro
1593,Solicitud de Refrendo,Otro
5516,Televisión por Cable de Múzquiz Sadecv,Organización
9162,Unidad de Concesiones Y Servicios de el Instituto,Organización
8756,Zanatepec,Otro
10896,Municipio de Othón P. Blanco,Otro
1810,Telnor y Axtel,Organización
2732,Estado de Guanajuato,Otro
7492,Comunicación,Otro
9318,Materia Administrativa,Otro
2392,Estado de Tabasco,Otro
1696,Gabriel Oswaldo Contreras Saldívar,Otro
2459,Comisionada María Elena Estavillo Flores,Otro
10995,Espectro Y Servicios,Organización
7528,ANÁLISIS DE IMPACTO REGULATORIO,Otro
1900,Regla Séptima Transitoria de las RSLD,Otro
10128,Licitación No,Otro
2719,Cable Sistema,Otro
7386,Corporativo Vasco de Quiroga Sadecv,Organización
2554,Casetas Públicas,Otro
4833,Decimosegundo de Distrito,Otro
10711,Opinión UCE Respecto de,Organización
10769,ANTECEDENTES I. El,Otro
4516,CITLPS,Otro
10361,En los Alegatos,Otro
10042,Disposición Técnica,Otro
3187,Promotora Mercantil Escogar de la Frailesca Sadecv,Organización
1904,Servicios de Interconexión,Otro
10152,Anexos,Otro
1450,Ley Federal de Competencia Económica,Ley
8817,MUNICIPIO DE,Otro
7797,DISPOSICIONES FINALES Corresponderá,Otro
10250,ALTATA,Otro
7788,UA,Otro
10031,UC,Otro
7365,Cuadro,Otro
4755,Coubicación,Otro
2105,Antecedente Sexto,Otro
10282,SRLDECV Y AT & T CENTRAL,Organización
11167,SADECV,Organización
1576,Estado de Campeche,Otro
7461,Disability Discrimination Act,Otro
2029,XHLEG-TV,Otro
10739,XHLEG-TDT,Otro
1739,Estado de Tlaxcala,Otro
1503,Solicitud de Transición,Otro
10170,SAPIDECV,Organización
7793,DGFPC,Otro
2706,Municipio de Tejupilco,Otro
2233,Avenida Insurgentes Sur,Otro
4614,California,Otro
8757,Reforma de Pineda y San Francisco de el Mar,Organización
2068,Unidad Administrativa,Otro
9275,Que el Pleno de el Instituto Federal de Telecomunicaciones,Organización
2050,Estaciones de Radiodifusión,Otro
7232,VERSIÓN PÚBLICA DE EL ACUERDO,Otro
5438,Orgtec Sapidecv,Organización
4866,Teléfonos de México S.A. B de C.V. CUARTO,Otro
1549,Presupuesto y Contabilidad,Organización
8670,C. José Lama López,Otro
6605,Escrito,Otro
7233,CELEBRADA EL,Otro
10914,C. Canto Chacón,Otro
4364,Redes de Larga Distancia,Otro
7389,Televisión de Altura Sadecv,Organización
4656,CFPC,Otro
3553,JORGE ADALBERTO ESPERÓN HEREDIA,Otro
5198,C. Javier Moreno López,Otro
5397,RNSAT Servicios de México Srldecv De,Organización
1672,Coordinación General de Mejora Regulatoria,Organización
2542,Bis de la Ley Federal para Prevenir y Eliminar la Discriminación,Ley
1615,Dirección General de Concesiones de Radiodifusión,Organización
8564,Xcaret,Otro
9265,Revisión,Otro
1585,Federal Communications Commission de los Estados Unidos de América,Organización
6026,Concesión Única,Otro
3978,SABDECV,Organización
5420,Rignet,Otro
10058,Radiotelevisora de México Norte Sadecv,Organización
10222,Capacidad Jurídica,Otro
9928,Subdirector de Comunicaciones de el Centro SCT,Otro
9055,Konecta de México Srldecv QUINTO,Organización
1561,Administración Pública Federal,Otro
2639,Limber Maxsau Escobar Camas y Juana García Ramos,Organización
2673,Ley de Inversión Extranjera,Ley
1577,Direcciones Generales de Verificación y Sanciones,Organización
3474,Concesionarios de Televisión Radiodifundida,Otro
7441,Rev. Busán,Otro
2112,Escrito de Notificación,Otro
9328,MUNICIPIO DE TIANGUISTENGO,Otro
6599,Cablevisión Sadecv,Organización
10690,Mbps,Otro
1625,Secretaría de Gobernación,Otro
2507,Telecommunications Regulation,Otro
2818,Jueza de Distrito,Otro
7392,Grupo TVI Telecom Sadecv,Organización
9341,Respuesta,Otro
2398,Andrés Avelino de la Cerda Cortina,Otro
2149,Roberto Casimiro González Treviño,Otro
3230,Copia,Otro
1886,RSLD y RdSL,Organización
