id	name
1420	El Gobierno Federal
1421	Secretaría de Comunicaciones y Transportes
1422	Tecnologías de Control del Norte
1423	Concesiones señaladas en el Antecedente I
1424	Reforma Constitucional
1425	Diario Oficial de la Federación
1426	Constitución Política de los Estados Unidos Mexicanos
1427	Decreto de Reforma Constitucional
1428	Instituto Federal de Telecomunicaciones
1429	Régimen Social
1430	Ley Federal de Telecomunicaciones y Radiodifusión
1431	Ley del Sistema Público de Radiodifusión del Estado Mexicano
1432	Decreto de Ley
1433	Estatuto Orgánico del Instituto Federal de Telecomunicaciones
1434	Estatuto Orgánico
1435	Enajenación de Acciones
1436	Grupo Gentux
1437	Noel Abel Delgado Montañez
1438	RigNet de México
1439	RNSAT Servicios de México
1440	Solicitud de Enajenación de Acciones
1441	Opinión Técnica
1442	Mediante oficio IFT
1443	Unidad de Concesiones y Servicios del Instituto
1444	Unidad de Competencia Económica
1445	Dirección General de Concentraciones y Concesiones
1446	Pleno del Instituto
1447	IV del Estatuto Orgánico
1448	Dirección General de Concesiones de Telecomunicaciones
1449	Unidad de Concesiones y Servicios
1450	Ley Federal de Competencia Económica
1451	El Instituto
1452	Ley Federal de Derechos
1453	Sección Primera del Capítulo VIII del Título I
1454	Servicios de Telecomunicaciones
1455	Del Instituto Federal de Telecomunicaciones
1456	Código Fiscal de la Federación
1457	Como se señaló en el Considerando Primero
1458	Comisión Federal de Competencia Económica
1459	Ley de Competencia
1460	Ley Competencia
1461	Distrito Federal
1462	Agente Económico
1463	Agentes Económicos
1464	Registro Público de Comercio
1465	II y III
1466	Análisis de la Solicitud de Enajenación de Acciones
1467	Abel Delgado Montañe
1468	Net de México
1469	Servicios de México
1470	Orgtec en México
1471	Instituto mediante oficio IFT
1472	Ley Federal de Procedimiento Administrativo
1473	VIII de la Ley Federal de Derechos
1474	XIII del Estatuto Orgánico del Instituto Federal de Telecomunicaciones
1475	Registro Público de Concesiones
1476	Resolutivo Primero
1477	La presente Resolución
1478	Pleno del Instituto Federal de Telecomunicaciones en su II Sesión Ordinaria
1479	Comisionados presentes Gabriel Oswaldo Contreras Saldívar
1480	Luis Fernando Borjón Figueroa
1481	Ernesto Estrada González
1482	Adriana Sofía Labardini Inzunza
1483	María Elena Estavillo Flores
1484	Mario Germán Fromow Rangel y Adolfo Cuevas Teja
1485	Cable Sur
1486	Altamira y Miramar
1487	Municipio de Altamira
1488	Ciudad Madero
1489	Municipio de Ciudad Madero
1490	Municipio de Tampico
1491	Estado de Tamaulipas
1492	Moralillo y Tamos
1493	Municipio de Pánuco
1494	Estado de Veracruz
1495	Transmisión Bidireccional de Datos
1496	Anexo A
1497	Otorgamiento de Concesiones
1498	Transición a la Concesión
1499	Uso Comercial
1500	Solicitud Transición
1501	Cumplimiento de Obligaciones
1502	Unidad de Cumplimiento
1503	Solicitud de Transición
1504	Octavo Transitorio del Decreto de Ley señala
1505	VI del Estatuto Orgánico
1506	Cuarto Transitorio del Decreto de Reforma Constitucional
1507	Diario Oficial de la Federación los Lineamientos
1508	Ley Federal de Telecomunicaciones
1509	Formato IFT-Transición
1510	Registro Federal de Contribuyentes
1511	Representante Legal
1512	Folio Electrónico
1513	Análisis de la Solicitud de Transición
1514	Lineamientos que señala
1515	Dirección General de Supervisión
1516	Dirección General de Adquisiciones
1517	Recursos Materiales y Servicios Generales de este Instituto
1518	Secretaría otorgó a Cable Sur
1519	Octavo Transitorio
1520	IX de la Ley Federal de Derechos
1521	II y XV del Estatuto Orgánico del Instituto Federal de Telecomunicaciones
1522	Se autoriza a Cable Sur
1523	Resolutivo Tercero
1524	Comisionado Presidente del Instituto Federal de Telecomunicaciones
1525	Resolutivo Segundo
1526	Inscríbase en el Registro Público de Concesiones
1527	Pleno del Instituto Federal de Telecomunicaciones en su XXIX Sesión Ordinaria
1528	Presupuesto de Egresos de la Federación para el Ejercicio Fiscal
1529	Ley Federal de Presupuesto y Responsabilidad Hacendaria
1530	XXV y XXXVII
1531	Normas en materia Presupuestaria del Instituto Federal de Telecomunicaciones
1532	Cámara de Diputados del H
1533	Congreso de la Unión aprobó el Presupuesto de Egresos de la Federación para el Ejercicio Fiscal
1534	Informes Trimestrales
1535	Gobierno Federal
1536	Secretaría de Hacienda y Crédito Público
1537	Administración Pública Federal para el Ejercicio Fiscal
1538	Ley de Ingresos
1539	II de la Constitución Política de los Estados Unidos Mexicanos
1540	Pleno del Instituto Federal de Telecomunicaciones
1541	Presupuesto para el Ejercicio Fiscal
1542	Lineamientos de Austeridad y Ajuste Presupuestario
1543	Unidades Administrativas del Instituto Federal de Telecomunicaciones
1544	Los Titulares de las Unidades Administrativas
1545	Dirección General de Administración
1546	Organización y Desarrollo de Capital Humano
1547	Recursos Materiales y Servicios Generales
1548	Dirección General de Finanzas
1549	Presupuesto y Contabilidad
1550	Dirección General de Tecnologías de la Información y Comunicaciones
1551	Instituto o IFT
1552	Los presentes Lineamientos de Austeridad y Ajuste Presupuestario para el Ejercicio Fiscal
1553	Comisionado Presidente del IFT
1554	Unidad de Administración del IFT
1555	Presidente del IFT
1556	Secretaría Técnica
1557	Coordinación Ejecutiva
1558	Autoridad Investigadora
1559	Centro de Estudios y las Unidades y Coordinaciones Generales
1560	Interno de Control del IFT
1561	Administración Pública Federal
1562	Instituto Federal de Telecomunicaciones para el Ejercicio Fiscal
1563	Tesorería de la Federación
1564	La Dirección General de Administración
1565	Manual de Percepciones
1566	Sistema de Comprobación Técnica del Espectro Radioeléctrico
1567	Comisión Nacional de Libros de Texto Gratuito
1568	Titulares y Coordinadores Generales
1569	Dentro del Programa de Disposición Final y Baja de Bienes Muebles
1570	Presupuesto autorizado al Instituto para el Ejercicio Fiscal
1571	Titular de la UADM proponer al Presidente
1572	El presente Acuerdo
1573	Pleno del Instituto Federal de Telecomunicaciones en su IV Sesión Ordinaria
1574	Sistema de Cable Hkan
1575	Municipio de Hecelchakan
1576	Estado de Campeche
1577	Direcciones Generales de Verificación y Sanciones
1578	Secretaría otorgó a Sistema de Cable Hkan
1579	XII de la Ley Federal de Derechos
1580	Se autoriza a Sistema de Cable Hkan
1581	Pleno del Instituto Federal de Telecomunicaciones en su VIII Sesión Ordinaria
1582	Otorgamiento de la Concesión
1583	Ley Federal de Radio y Televisión
1584	Televisora Alco
1585	Federal Communications Commission de los Estados Unidos de América
1586	XHSDD-TV de Sabinas
1587	Primera Cesión de Derechos
1588	Concesión de Televisora Alco
1589	Melchor Sánchez Dovalina
1590	Segunda Cesión de Derechos
1591	Concesión de Melchor Sánchez Dovalina
1592	Telesistemas de Coahuila
1593	Solicitud de Refrendo
1594	Comisión Federal de Telecomunicaciones
1595	Concesión
1596	LFRTV y del Reglamento de la Ley Federal de Radio y Televisión
1597	Con oficio IFT
1598	Dirección General de Concesiones de Radiodifusión de la Unidad de Concesiones y Servicios
1599	II del Estatuto Orgánico
1600	Concesión a la Dirección General de Concentraciones y Concesiones de la Unidad de Competencia Económica
1601	Unidad de Espectro Radioeléctrico
1602	Dirección General de Concesiones de Radiodifusión de la UCS
1603	Dirección General del Economía del Espectro y Recursos Orbitales de la Unidad de Espectro Radioeléctrico
1604	VII del Estatuto Orgánico
1605	Opinión en Materia de Cumplimiento de Obligaciones
1606	Dirección General de Supervisión de la UC
1607	Unidad de Política de Ingresos No Tributarios de la Secretaría de Hacienda y Crédito Público
1608	Opinión en Materia de Competencia Económica
1609	Dirección General de Concentraciones y Concesiones de la UCE
1610	TV Abierta Comercial
1611	Competencia del Instituto
1612	Sexto Transitorio del Decreto de Ley
1613	Séptimo Transitorio del Decreto de Reforma Constitucional
1614	XXXVII del Estatuto Orgánico
1615	Dirección General de Concesiones de Radiodifusión
1616	Dirección General
1617	El artículo Sexto Transitorio del Decreto de Ley
1618	Séptimo Transitorio del Decreto
1619	Vigésimo Transitorio del presente Decreto
1620	Comisión Federal de Competencia Económica y del Instituto Federal de Telecomunicaciones
1621	Sexto Transitorio
1622	Decreto que Reforma
1623	Adiciona y Deroga
1624	La Secretaría de Comunicaciones y Transportes
1625	Secretaría de Gobernación
1626	XII del Estatuto Orgánico
1627	Unidades de Espectro Radioeléctrico y de Competencia Económica
1628	El Concesionario
1629	La Concesión
1630	Mediante oficio número IFT
1631	Obligaciones Derivadas del Título de Concesión
1632	Disposiciones Legales y Administrativas en Materia de Radiodifusión
1633	Disposición Técnica IFT
1634	VHF y UHF
1635	Comunicaciones y Transportes y de Gobernación
1636	VI de la Ley Federal de Derechos
1637	III de la Constitución
1638	Considerando Tercero
1639	Diccionario de la Real Academia Española
1640	Ley General de Bienes Nacionales
1641	Considerando Segundo
1642	Unidad de Política de Ingresos no Tributarios de la SHCP
1643	Cadena Tres
1644	XI de la Ley Orgánica de la Administración Pública Federal
1645	XXII del Reglamento Interior de la Secretaría de Hacienda y Crédito Público
1646	Federación para el Ejercicio Fiscal
1647	MHz
1648	Séptimo Transitorios
1649	IV y LVII
1650	Reglamento de la Ley Federal de Radio y Televisión
1651	II del Estatuto Orgánico del Instituto Federal de Telecomunicaciones
1652	Concesión señalados en el Resolutivo Segundo
1653	Resolutivos Tercero y Cuarto
1654	Comisionado Presidente del Instituto
1655	Acuerdo del Pleno del Instituto Federal de Telecomunicaciones P/IFT/EXT
1656	Título de Concesión
1657	Pleno del Instituto Federal de Telecomunicaciones en su XXIV Sesión Ordinaria
1658	Comisionados Gabriel Oswaldo Contreras Saldívar
1659	Comisionado Adolfo Cuevas Teja
1660	Resolutivo Séptimo
1661	Acuerdo P/IFT/EXT
1662	Comisionado Luis Fernando Borjón Figueroa
1663	Lineamientos Generales
1664	Materia de Telecomunicaciones
1665	Lineamientos Generales en Relación con lo Dispuesto por la Fracción I del Artículo Octavo Transitorio del Decreto
1666	Reforman y Adicionan Diversas Disposiciones de los Artículos
1667	Telecomunicaciones
1668	Primero Transitorio
1669	Internet del Instituto
1670	DOF los Lineamientos Generales para la Asignación de Canales Virtuales de Televisión Radiodifundida
1671	Unidad de Medios y Contenidos Audiovisuales
1672	Coordinación General de Mejora Regulatoria
1673	Instituto el Análisis de Impacto Regulatorio del Anteproyecto
1674	Análisis de Impacto Regulatorio del Anteproyecto
1675	Análisis de Impacto Regulatorio
1676	Ley y la Ley Federal de Competencia Económica
1677	Consulta Pública
1678	Lineamientos mediante Acuerdo número P/IFT
1679	XXIX Sesión Ordinaria
1680	Concesionarios de Televisión Restringida
1681	Guía Electrónica de Programación las Señales Radiodifundidas
1682	Señales Radiodifundidas
1683	Guía Electrónica de Programación
1684	Lineamientos Generales para la Asignación de Canales Virtuales de Televisión Radiodifundida
1685	Ciudad de México
1686	XX y XXI
1687	Octavo Transitorio del Decreto
1688	Ejecutivo Federal
1689	Octavo Transitorio del Decreto de Reforma Constitucional
1690	Canal de Programación
1691	Canal de Transmisión
1692	Señales Radiodifundidas transmitidas por Concesionarios de Televisión Radiodifundida
1693	Estados Unidos Mexicanos
1694	Acuerdo en el Diario Oficial de la Federación
1695	Comisionado Presidente
1696	Gabriel Oswaldo Contreras Saldívar
1697	El Comisionado
1698	La Comisionada
1699	Adolfo Cuevas Teja
1700	Mario Germán Fromow Rangel
1701	Javier Juárez Mojica
1702	Pleno del Instituto Federal de Telecomunicaciones en su XLIII Sesión Ordinaria
1703	Mario Germán Fromow Rangel y Javier Juárez Mojica
1704	Comisionados Adriana Sofía Labardini Inzunza
1705	María Elena Estavillo Flores y Adolfo Cuevas Teja
1706	Municipio de Baca
1707	Municipio de Motul y Mocochá
1708	Municipio de Mocochá en el Estado de Yucatán
1709	Solicitud de Concesión
1710	Técnica de la Secretaría
1711	Dirección General de Política de Telecomunicaciones y de Radiodifusión de la Secretaría
1712	Acuerdo de Pleno número P/IFT/EXT
1713	Acuerdo de Pago de Aprovechamientos
1714	Análisis de la Solicitud de Concesión
1715	Formato IFT-Concesión
1716	Generales del Proyecto
1717	Jurídica y Administrativa
1718	Notario Público
1719	Estado de Yucatán
1720	Dirección General de Concentraciones y Concesiones de la Unidad de Competencia Económica
1721	Dirección General de Política de Telecomunicaciones y de Radiodifusión
1722	Con dicho Capítulo
1723	Bandas de Frecuencias de Espectro Libre
1724	Resolutivo Cuarto
1725	Resolución con el Acuerdo P/IFT/EXT
1726	Higinio Santiago Lastiri Quirós
1727	Ampliación de Cobertura
1728	Con oficio CFT/D
1729	Dirección General de Televisión y Audio Restringidos
1730	Coordinación General de Servicios de Telecomunicaciones
1731	Emiliano Zapata
1732	Hidalgo y Nanacamilpa
1733	TV de Calpulalpan
1734	Coordinación General de Servicios de Telecomunicaciones de la Comisión
1735	Benito Juárez
1736	Municipio de Benito Juárez
1737	Municipio de Sanctorum de Lázaro Cárdenas y Hueyotlipan
1738	Municipio de Hueyotlipan
1739	Estado de Tlaxcala
1740	Dirección General de Política de Telecomunicaciones de la Secretaría
1741	Secretaría otorgó a TV de Calpulalpan
1742	Se autoriza a TV de Calpulalpan
1743	Concesiones de Axtel
1744	Telefonía Inalámbrica del Norte
1745	Secretaría otorgó a Axtel
1746	Concesión de Axtel
1747	Concesión de Teléfonos de México
1748	Secretaría otorgó a Teléfonos de México
1749	Modificación al Título de Concesión de Teléfonos de México
1750	Teléfonos del Noroeste
1751	Concesión de Telmex
1752	Concesión de Teléfonos del Noroeste
1753	Secretaría otorgó a Teléfonos del Noroeste
1754	Baja California
1755	Municipio de San Luis Rio Colorado
1756	Sonora
1757	Concesión de Telnor
1758	Solicitud de Resolución
1759	Telmex y Telnor
1760	Axtel y Telmex
1761	Convenio Axtel-Telmex
1762	Axtel y Telnor
1763	Convenio Axtel-Telnor
1764	Monterey Nuevo León
1765	Corredor Público
1766	Distrito Federal notificó a Telmex y Telnor
1767	Telmex y Telnor informa a Axtel
1768	Axtel invitó a Telmex y Telnor
1769	Telmex y Avantel
1770	El Modelo de Costos
1771	Axtel manifiesta que Telmex y Telnor
1772	Telmex y Telnor han señalado
1773	Oficio de Vista
1774	Telmex y Telnor el oficio CFT/D
1775	Respuestas de Telmex y Telnor
1776	Comisión los escritos Jrr.Cft
1777	Axtel
1778	Telnor y Axte
1779	Oficio de Alegatos
1780	Alegatos de Telnor
1781	Comisión el escrito No
1782	Alegatos de Axtel
1783	Ley Orgánica de la Administración Pública Federal
1784	Reglamento Interior de la Secretaría de Comunicaciones y Transportes
1785	Plan Técnico Fundamental de Interconexión e Interoperabilidad
1786	Plan de Interconexión
1787	VIII del Reglamento Interno de la Comisión Federal de Telecomunicaciones
1788	Pleno de la Comisión
1789	Regla Decimaquinta de las Reglas del Servicio Local
1790	Axtel solicitó a Telmex y Telnor
1791	LFT Axtel
1792	Axtel en la Solicitud de Resolución
1793	LFT para que Axtel
1794	Axtel ante la Comisión
1795	En la Solicitud de Resolución
1796	Axtel señala
1797	Puntos de Interconexión
1798	Servicio Local
1799	USc
1800	Tarifas de Tránsit
1801	Axtel en el ASL
1802	USe
1803	ASLs distintas y Axtel
1804	Solicitud de Resolución presentada por Axtel
1805	Vigencia del Convenio
1806	Respuesta de Telmex y Telnor
1807	Convenio Axtel-Telmex y el Convenio Axtel-Telnor
1808	Aplicación Continua
1809	Cláusula Decimosexta del Convenio Axtel-Telmex y el Convenio Axtel-Telnor
1810	Telnor y Axtel
1811	Registro de Telecomunicaciones de la Comisión
1812	Tribunales competentes del Poder Judicial
1813	Convenio Axtel-Telmex y del Convenio Axtel
1814	VIII del Reglamento Interno
1815	Decimosexta del Convenio Axtel-Telmex
1816	El presente Convenio
1817	Red Pública de Telecomunicaciones de Larga Distancia
1818	Decimosexta del Convenio Axtel-Telnor
1819	Cláusula Decimosexta
1820	Cláusula Decimosexta del Convenio Axtel-Telmex y del Convenio Axtel-Telnor
1821	Axtel-Telmex y del Convenio Axtel-Telnor
1822	Convenio Axtel-Telmex y del Convenio Axtel-Telnor
1823	Axtel a Telmex y Telnor
1824	Convenios de Interconexión
1825	Convenio Axtel
1826	Telmex y el Convenio Axtel-Telnor
1827	Código Federal de Procedimientos Civiles
1828	Decimosexta del Convenio Axtel-Telmex y del Convenio Axtel-Telnor
1829	T elmex y Telnor
1830	Facultades del Jefe de la Unidad de Prospectiva y Regulación
1831	Jefe de la Unidad de Prospectiva y Regulación
1832	Unidad de Prospectiva y Regulación
1833	XII y XIV del Reglamento Interno de la Comisión
1834	VIII del Reglamento Interno de la Comisión
1835	II del Reglamento Interno de esta Comisión
1836	Corresponde a cada Unidad y Coordinación General
1837	XII y XIV del mencionado Reglamento
1838	Direcciones Generales de Prospectiva Regulatoria
1839	Al Jefe de Unidad de Prospectiva y Regulación
1840	Corresponden a las Direcciones Generales de Regulación
1841	Jefe de Unidad de Prospectiva y Regulación de esta Comisión
1842	Pleno de esta Comisión
1843	VIII del Reglamento Interno de esta Comisión
1844	Jefe de Unidad de Prospectiva y Regulación
1845	Redes Públicas de Telecomunicaciones
1846	Diario Oficial de la Federal
1847	Telmex y Telnor señalan
1848	Axtel como de Telmex y Telnor
1849	Solicitud de Resolución presentada por Axtel a la Comisión
1850	Reglamento Interior de la Secretaría
1851	Dirección General de Redes y Radiocomunicación
1852	LFT y el Reglamento Interno de la Comisión
1853	Aplicación de Resoluciones
1854	IV de las Respuestas de Telmex y Telnor
1855	Resoluciones referidas por Telmex y Telnor
1856	Flujos de Efectivo Relevantes y la Tasa Interna de Retorno
1857	Comisión en la Resolución
1858	Telmex y Telnor obtuvieran una TIR
1859	Resolución P
1860	Alegatos de Telmex y Telnor
1861	Reglas del Servicio de Larga Distancia
1862	Reglamento de Telecomunicaciones
1863	IX de la LFT
1864	Octavo Tribunal Colegiado en Materia Administrativa del Primer Circuito
1865	Trigésimo Segundo
1866	Toca número R.A
1867	Juez Segundo de Distrito en Materia Administrativa en el Distrito Federal
1868	Anexo A del Convenio Axtel-Telmex y del Convenio Axtel-Telnor
1869	Concesiones de Telmex y Telnor
1870	Reglas Quinta
1871	Sexta y Séptima Transitorias de las RSLD
1872	Resolución sobre el Plan de Interconexión con Redes Públicas de Larga Distancia
1873	Regla Quinta Transitoria de las RdSL
1874	Mencionan Telmex y Telnor
1875	Telmex y Telnor señalan que Axtel
1876	Telmex y Telnor señalan que la Comisión
1877	Menciona Telmex y Telnor
1878	Manifiestan Telmex y Telnor
1879	En una ASL
1880	Además de que Telmex y Telnor
1881	Comisión reitera que Telmex y Telnor
1882	Concesión de Telmex y la Concesión de Telnor
1883	Acceso y Enlaces de Transmisión
1884	Número de Accesos a Usuarios Fijos
1885	VII de la LFT
1886	RSLD y RdSL
1887	Además de que Axtel
1888	Telmex y Telnor cuentan con CCE's y CTI's
1889	Telmex y Telnor a instalar CCE's o CTl's
1890	CCE's o CTl's
1891	VIII y IX de la LFT
1892	Resolución sobre el Plan de Interconexión con Redes de Larga Distancia
1893	Central de Conmutación
1894	Centrales de Conmutación
1895	Reglas Quinta y Sexta de las RdSL
1896	Reglas Décima y Décima Quinta de las RdSL
1897	Décimo Transitorio de la LFT
1898	RSLD y las Resoluciones
1899	Comisión en las Resoluciones P
1900	Regla Séptima Transitoria de las RSLD
1901	Tercero Transitorio del Plan de Interconexión
1902	Modelos de Costos
1903	Tarifas de Interconexión
1904	Servicios de Interconexión
1905	National Economic Research Associates
1906	CCE o CTI
1907	ASL donde Axtel
1908	CTI o CCE
1909	Regla Segunda
1910	XI de las RdSL
1911	Regla Sexta de las RdSL
1912	Regla Sexta
1913	Plan de Numeración
1914	Regla Vigesimasegunda
1915	IV de las RdSL
1916	REGLA QUINTA TRANSITORIA
1917	Regla Transitoria
1918	IV de la Regla Vigesimasegunda
1919	IV de la Regla Vigesimasegunda de las RdSL
1920	Telmex y Telnor interconecten a Axtel en las ASL
1921	ASL donde Telmex y Telnor
1922	CTI brindada por Telmex y Telnor
1923	CTl's y CCE's
1924	ASL o en ASL
1925	CTI a un CCE
1926	CTI a otro CTI
1927	El excluir CNST
1928	Plan Técnico Fundamental de Señalización
1929	Puertos de Acceso y Enlaces
1930	Comisión y Axtel
1931	Modelo de la Comisión
1932	Axtel en el CTI de Telmex y Telnor
1933	ASL distintas y Axtel
1934	Regla Vigesimocuarta de las RdSL
1935	Servicio de Interconexión
1936	Tráfico que el Concesionario de una RPT
1937	Telmex y Telnor referentes al Modelo de Costos
1938	Cabe señalar que Axtel
1939	Por lo que Axtel
1940	RdSL en la Regla Segunda fracción IX
1941	Hotel de Carriers en Los
1942	VI de la LFT
1943	RPT de un Concesionario
1944	Servicios de Interconexión de una RPT
1945	Instalación del Concesionario
1946	Compartición de Infraestructura
1947	Los Concesionarios
1948	Concesionario Solicitado
1949	Concesionario Solicitante
1950	Enlaces de Transmisión
1951	RPTs de los Concesionarios
1952	Coubicación y/o
1953	Coubicación de distintos Concesionarios
1954	Servicios de Telecomunicaciones de sus Usuarios
1955	Enlace de Transmisión
1956	Comisión determina que Telmex y Telnor
1957	Convenio de Interconexión
1958	Registro de Telecomunicaciones
1959	III de la Ley Orgánica de la Administración Pública Federal
1960	Tercero Transitorio del Plan Técnico Fundamental de Interconexión e Interoperabilidad
1961	VIII y XIII del Reglamento Interno de la Comisión Federal de Telecomunicaciones el Pleno de la Comisión Federal de Telecomunicaciones
1962	Teléfonos de México
1963	Segundo y Tercero de esta Resolución
1964	Ley Federal del Procedimiento Administrativo
1965	República Mexicana
1966	Banco de México en el Diario Oficial de la Federación
1967	IV de la Regla Vigesimasegunda de las Reglas del Servicio Local
1968	Comisión Federal de Telecomunicaciones y a Axtel
1969	Puertos de Acceso y Enlaces de Transmisión
1970	Comisión Federal de Telecomunicaciones y Axtel
1971	XV de la Ley Federal de Procedimiento Administrativo
1972	Título Sexto
1973	Capítulo Primero
1974	Notifíquese personalmente a Axtel
1975	Gabriel Butrón Chiapa
1976	Municipio de Tepeapulco
1977	Municipio de Tlanalapa
1978	Estado de Hidalgo
1979	Prórroga de Vigencia
1980	Solicitud de Prórroga
1981	Unidad de Supervisión y Verificación
1982	Competencia Económica
1983	XVIII del Estatuto Orgánico
1984	Séptimo Transitorio del Decreto de Ley señala
1985	La Secretaría
1986	LVIII de la Ley
1987	Análisis de la Solicitud de Prórroga
1988	Unidad de Servicios a la Industria
1989	Dirección General de Redes
1990	Espectro y Servicios
1991	Coordinación General de Organización y Tecnologías de la Información de este Instituto
1992	Dirección General de Verificación
1993	TV restringida en Tepeapulco
1994	Municipio de Tepeapulco y Tlanalapa
1995	C Butrón
1996	Personas Relacionadas
1997	Sky y Dish
1998	Séptimo Transitorio
1999	Sexto y Séptimo Transitorios
2000	III de la Ley Federal de Derechos
2001	XVIII y XXXVII
2002	II y XV
2003	XII del Estatuto Orgánico del Instituto Federal de Telecomunicaciones
2004	Resolutivos Primero
2005	Pleno del Instituto Federal de Telecomunicaciones en su VII Sesión Ordinaria
2006	Comisionada Adriana Sofía Labardini Inzunza
2007	XXIX Sesión Extraordinaria
2008	Ley de Ingresos de la Federación
2009	Publíquese el presente Acuerdo
2010	Internet del Instituto Federal de Telecomunicaciones
2011	Pleno del Instituto Federal de Telecomunicaciones en su IX Sesión Ordinaria
2012	Tezontepec de Aldama
2013	Municipio de Tezontepec de Aldama
2014	Municipio de Zacualtipán
2015	Municipio de Huayacocotla
2016	Dirección General de Concesiones
2017	TV restringida en Tezontepec de Aldama y Zacualtipán
2018	Wilfrido Butrón Morales
2019	TV restringida en Huayacocotla
2020	Tepeapulco y Tlanalapa
2021	Hidalgo y Huayacocotla
2022	XXXVII del Estatuto Orgánico del Instituto Federal de Telecomunicaciones
2023	Acuerdo del Pleno del Instituto Federal de Telecomunicaciones número P/IFT/EXT
2024	Refrendo del Permiso
2025	Gobierno del Estado de Guanajuato
2026	Gobierno de Guanajuato
2027	Título de Referendo de Permiso
2028	Guanajuato
2029	XHLEG-TV
2030	Transición a Televisión Digital Terrestre
2031	Mediante oficio CFT/D
2032	Canal Adicional Digital
2033	Transición a la Televisión Digital Terrestre
2034	Política para la Transición a la Televisión Digital Terrestre
2035	Generales para el Acceso a la Multiprogramación
2036	Con oficio UTEG/D
2037	Rafael Alberto Díaz
2038	Solicitud de Multiprogramación
2039	Opinión a la Unidad de Medios y Contenidos Audiovisuales
2040	Unidad de Medios y Contenidos Audiovisuales del Instituto
2041	Opinión a la Unidad de Competencia Económica
2042	Unidad de Competencia Económica del Instituto
2043	UCS requerir al Gobierno de Guanajuato
2044	Alcance a la Solicitud de Multiprogramación
2045	Mediante oficio UTEG/D
2046	Antecedente VIII
2047	Opinión de la UMCA
2048	Constitución Política de los Estados Mexicanos
2049	Título Quinto
2050	Estaciones de Radiodifusión
2051	El Canal de Transmisión de Radiodifusión
2052	Número de Canales de Programación en Multiprogramación
2053	Concesionario de Radiodifusión
2054	Calidad Técnica
2055	HDTV o SDTV
2056	Identidad de cada Canal de Programación
2057	Canales de Programación
2058	Análisis de la Solicitud de Multiprogramación
2059	El Gobierno de Guanajuato con la Solicitud de Multiprogramación
2060	XIII y XVII
2061	El Gobierno de Guanajuato señala en la Solicitud de Multiprogramación
2062	El Gobierno de Guanajuato
2063	VI y VII
2064	Lineamientos Generales para el Acceso a la Multiprogramación
2065	UTEG a la Multiprogramación
2066	UMCA y la UCE
2067	Se autoriza al Gobierno del Estado de Guanajuato
2068	Unidad Administrativa
2069	Dirección General de Radio
2070	Televisión y Cinematografía de la Secretaría de Gobernación
2071	Dirección Ejecutiva de Prerrogativas y Partidos Políticos del Instituto Nacional Electoral
2072	El Gobierno del Estado de Guanajuato
2073	Resolución a la Dirección General Adjunta del Registro Público de Telecomunicaciones
2074	Secretaría Técnica del Pleno
2075	Ley General de Transparencia y Acceso a la Información Pública
2076	Resolutivo Primero de la Resolución
2077	Ley General de Transparencia y Acceso a la Información Pública Gubernamental
2078	Cargo del Servidor Público
2079	Yaratzet Funes López
2080	Prosecretaria Técnica del Pleno
2081	Telecom de Altura
2082	CVQ
2083	TV Altura
2084	Telecom Altura
2085	Titular de la Unidad de Competencia Económica
2086	Instituto
2087	Partes en el Expediente
2088	IV Sesión Extraordinaria
2089	Dicha Resolución
2090	Telecom Altura y Grupo TVI
2091	Aceptación de Condiciones
2092	Escrito de Aceptación de Condiciones
2093	Alcance a la Aceptación de Condiciones
2094	Partes en el Resolutivo PRIMERO de la Resolució
2095	Operación notificada por Grupo Televisa
2096	Corporativo Vasco de Quiroga
2097	Televisión Internacional
2098	Televisión de Altura
2099	Operación Modificada
2100	Fusión CVQ-Grupo TVI
2101	Grupo Multimedios
2102	TV Altura y Telecom Altura
2103	Consejo de Administración de CVQ
2104	RESERVADO POR LEY
2105	Antecedente Sexto
2106	Antecedente Segundo
2107	GTV y TVI
2108	Aceptación de Condiciones de las Parte
2109	Partes presentaron el Escrito de Aceptación de Condiciones
2110	Consejo de Administración de TVI
2111	Aumento de Capital
2112	Escrito de Notificación
2113	Disposiciones Regulatorias de la Ley Federal de Competencia Económica
2114	Grupo Televisa
2115	LV de la Ley Federal de Telecomunicaciones y Radiodifusión
2116	Sistema de Servicio Profesional del Instituto Federal de Telecomunicaciones
2117	Comité Directivo
2118	II de las Disposiciones
2119	XXI Sesión Extraordinaria
2120	Comisionadas Adriana Sofía Labardini Inzunza y María Elena Estavillo Flores
2121	Comité Directivo del Sistema de Servicio Profesional del Instituto Federal de Telecomunicaciones
2122	Sistema de Servicio Profesional de este Instituto
2123	LV y LXIII
2124	XV de la Ley Federal de Telecomunicaciones y Radiodifusión
2125	PRIMERO del ACUERDO MEDIANTE EL CUAL EL PLENO DEL INSTITUTO FEDERAL DE TELECOMUNICACIONES DESIGNA A LOS COMISIONADOS QUE SERÁN MIEMBROS DEL COMIT
2126	Se instruye al Secretario Técnico del Pleno
2127	Acuerdo al Comité Directivo del Sistema de Servicio Profesional del Instituto Federal de Telecomunicaciones
2128	Unidad de Administración del Instituto
2129	Cablemás Telecomunicaciones
2130	Patricio Rivas San Román
2131	Reglamento de la Ley Federal de Competencia Económica
2132	Director General de Procedimientos de Competencia del Instituto
2133	VI Sesión Ordinaria
2134	Estatuto Orgánico del Instituto
2135	Insurgentes Sur
2136	Noche Buena
2137	Delegación Benito Juárez
2138	Las instalaciones del Instituto
2139	VIII del Reglamento de la Ley Federal de Competencia Económica
2140	Pleno del Instituto Federal de Telecomunicaciones en su VI Sesión Ordinaria
2141	Javier Moreno López
2142	San Pedro Buenavista
2143	Municipio de Villa Corzo
2144	Estado de Chiapas
2145	Unidad de Servicios a la Industria del Instituto
2146	Sky y Dish o el C
2147	Miguel Ovando de Paz
2148	Refrendo de la Concesión
2149	Roberto Casimiro González Treviño
2150	Subdirector de Comunicaciones del Centro SCT
2151	Mediante Acuerdo P/IFT/EXT
2152	Grupo Televisa S.A.B
2153	Canales de Televisión Populares
2154	Radio Televisión
2155	Radiotelevisora de México Norte S.A
2156	Teleimagen del Noroeste
2157	Televisión de Puebla
2158	Televisora de Mexicali
2159	Televisora de Navojoa
2160	Televisora de Occidente
2161	Televisora Peninsular
2162	Mario Enrique Mayans Concha
2163	Televisión La Paz
2164	Televisión de la Frontera
2165	Pedro Luis Fitzmaurice Meneses
2166	Comunicación del Sureste
2167	José de Jesús Partida Villanueva
2168	Hilda Graciela Rivera Flores
2169	Tv Diez Durango
2170	Televisora de Durango
2171	Corporación Tapatía de Televisión
2172	Televisión de Michoacán
2173	José Humberto y Loucille
2174	Martínez Morales
2175	Tv Ocho
2176	Televisora Potosina
2177	TV de Culiacán
2178	Televisión del Pacífico
2179	Tele-emisoras del Sureste
2180	Televisión de Tabasco
2181	Ramona Esparza González
2182	Marco Legal
2183	Acción de Inconstitucionalidad
2184	Pleno de la Suprema Corte de Justicia de la Nación
2185	Calidad de Agente Económico Preponderante del Concesionario
2186	El artículo Cuarto Transitorio del Decreto de Reforma Constitucional
2187	III y IV del artículo Octavo Transitorio del propio Decreto de Reforma Constitucional
2188	Décimo Transitorio fracción II del Decreto de Ley
2189	III y IV del artículo Octavo Transitorio del Decreto de Reforma Constitucional
2190	Impuestas por el Instituto
2191	Considerando Séptimo
2192	Octavo Transitorio de Decreto de Reforma de Telecomunicaciones
2193	Televisión Roberto Casimiro González Treviño
2194	Décimo Transitorio
2195	Ley de Ingresos de la Federación para el Ejercicio Fiscal
2196	Casimiro González Trevi
2197	VI de la Ley
2198	Considerando Octavo
2199	Inscríbanse en el Registro Público de Concesiones
2200	Pleno del Instituto Federal de Telecomunicaciones en su XXVIII Sesión Ordinaria
2201	Lineamientos para la Acreditación
2202	Decreto Constitucional
2203	DOF el Estatuto Orgánico del Instituto Federal de Telecomunicaciones
2204	El Pleno del Instituto mediante el Acuerdo P/IFT
2205	VIII Sesión Ordinaria
2206	El Pleno del Instituto mediante Acuerdo P/IFT
2207	III Sesión Ordinaria
2208	Pleno del Instituto Federal de Telecomunicaciones expide los Lineamientos
2209	En los lineamientos Décimo Tercero y Trigésimo Primero de los Lineamientos
2210	XXVI de la LFTR
2211	Instituto aprobó los Lineamientos
2212	Disposiciones Técnicas
2213	IV de la Constitución
2214	Décimo Tercero y Trigésimo Primero de los Lineamientos
2215	Unidad de Política Regulatoria
2216	Ley Federal para la Administración y Enajenación de Bienes del Sector Público
2217	Registro Nacional de Peritos Acreditados
2218	Pleno de este Instituto
2219	Honoris Causa
2220	Modelo de Costeo Estándar
2221	Lineamientos para la Acreditación de Peritos
2222	Política Regulatoria
2223	Dirección General de Regulación Técnica
2224	Coordinación General de Mejora Regulatoria del mismo Instituto
2225	IV y XXIX del Estatuto Orgánico del Instituto Federal de Telecomunicaciones y lineamientos Décimo Tercero y Trigésimo Primero de los Lineamientos
2226	Publíquese el presente Acuerdo con su Anexo
2227	XXV del Estatuto Orgánico del Instituto Federal de Telecomunicaciones
2228	Los Comisionados
2229	Adolfo Cuevas Teja y Javier Juárez Mojica
2230	Pleno del Instituto Federal de Telecomunicaciones en su III Sesión Ordinaria
2231	Comisionada Adriana Sofía Labardini Inzunza y del Comisionado Adolfo Cuevas Teja
2232	Honoris Causa Indefinida
2233	Avenida Insurgentes Sur
2234	Planta Baja
2235	Colonia Noche Buena
2236	Delegación Benito Juárez en la Ciudad de México
2237	Jorge Adalberto Esperón Heredia
2238	Municipio de Moloacán
2239	Decreto de Reforma Constitucional y la Ley Federal de Telecomunicaciones y Radiodifusión
2240	El artículo Séptimo Transitorio del Decreto de Ley señala
2241	Análisis de las Solicitudes de Prórroga
2242	Ley que señala
2243	Dirección General de Supervisión adscrita Unidad Cumplimiento
2244	El Solicitante
2245	Cuichapa en el Municipio de Moloacán
2246	Segundo Tribunal Colegiado de Circuito en Materia Administrativa Especializado en Competencia Económica
2247	Radiodifusión y Telecomunicaciones
2248	República
2249	Segundo Tribunal Colegiado
2250	José Pérez Ramírez
2251	Juzgado Segundo de Distrito en Materia Administrativa Especializado en Competencia Económica
2252	Juzgado Segundo
2253	Publicación del Acuerdo de Susceptibilidad
2254	Acuerdo de Susceptibilidad
2255	Playa del Carmen
2256	Quintana Roo
2257	Dirección General de Sistemas de Radio y Televisión de la Secretaría de Comunicaciones y Transportes
2258	Juicio de Amparo
2259	Juzgado Primero de Distrito en Materia Administrativa en la Ciudad de México
2260	Recurso de Revisión
2261	Tercer Tribunal Colegiado en Materia Administrativa del Primer Circuito
2262	Ejecutoria de Amparo
2263	Pleno de la COFETEL
2264	Sesión Extraordinaria
2265	Norma Oficial Mexicana NOM
2266	Sala Especializada en Resoluciones
2267	Reguladores de la Actividad del Estado del Tribunal Federal Justicia Fiscal y Administrativa
2268	Mediante oficio IFT/D
2269	Sala del Tribunal Federal Justicia Fiscal y Administrativa
2270	Respuesta al Requerimiento
2271	Director General de Defensa Jurídica del Instituto
2272	Tribunal Segundo Colegiado
2273	Juzgado Segundo requirió al Instituto
2274	Pleno del Instituto Federal de Telecomunicaciones emitió Acuerdo P/IFT
2275	XVII Sesión Ordinaria
2276	Considerando Cuarto
2277	Decreto de Reformas
2278	Segundo Juzgado
2279	Recurso de revisión R.A
2280	El Segundo Tribunal Colegiado
2281	Requerimiento de Cumplimiento a la Ejecutoria
2282	Segundo Tribunal Colegiado de Circuito
2283	Director General de Concesiones de Radiodifusión solicitó al Director General de Defensa Jurídica ambos del Instituto Federal de Telecomunicaciones
2284	IV y LXIII
2285	Segundo Tribunal Colegiado y el Pleno
2286	Amparo en Revisión
2287	Federal de Radio y Televisión
2288	Ley Federal de Radio y Televisión-vigente
2289	Sesión Ordinaria XVII
2290	Juez Segundo de Distrito en Materia Administrativa Especializado en Competencia Económica
2291	Ciudad de México y Jurisdicción
2292	Juzgado Segundo de Distrito en Materia Administrativa
2293	Unidad de Asuntos Jurídicos
2294	Especializado en Competencia Económica
2295	Pleno del Instituto Federal de Telecomunicaciones en su X Sesión Ordinaria
2296	Cuauhtémoc Unda Argüelles
2297	Santa Mónica
2298	Soyatla y Pemuxco
2299	Municipio de Tianguistengo
2300	Cesión de Derechos
2301	Moisés Carpio Alarcón
2302	Solicitud de Cesión de Derechos
2303	Dirección General de Concesiones de Telecomunicaciones del Instituto
2304	Dirección General de Política de Telecomunicaciones y Radiodifusión de esa Dependencia
2305	Instituto notificará al Secretario
2306	Reglamento del Servicio de Televisión y Audio Restringidos
2307	Constitución señala
2308	Poderes de la Unión
2309	Gobierno del Distrito Federal
2310	Comisión Federal de Competencia
2311	Análisis de la Solicitud de Cesión de Derechos
2312	II de la Ley Federal de Derechos
2313	Tercero Transitorio
2314	Se autoriza al C
2315	Cuauhtémoc Unda Argüelles y/o el C
2316	Ricardo León Garza Limón
2317	José Mariano Jiménez
2318	Municipio de Jiménez
2319	Estado de Chihuahua
2320	TV Cable de Jiménez Chihuahua
2321	Prórrogas Solicitadas
2322	Solicitudes de Prórroga
2323	Solicitudes de Prórrogas
2324	Econo Cable
2325	Municipio de Monclova
2326	Municipio de Frontera
2327	Municipio de Castaños
2328	San Buenaventura
2329	Municipio de San Buenaventura
2330	Cuatro Ciénegas de Carranza
2331	Municipio de Cuatro Ciénegas
2332	Ciudad Melchor Múzquiz
2333	Municipio de Múzquiz
2334	San Juan de Sabinas
2335	Municipio de San Juan de Sabinas
2336	Piedras Negras
2337	Municipio de Piedras Negras
2338	Municipio de Nava
2339	Municipio de Allende
2340	Municipio de Morelos
2341	Municipio de Zaragoza
2342	Ramos Arizpe
2343	Municipio de Ramos Arizpe
2344	Municipio de Arteaga
2345	Parras de La Fuente
2346	Municipio de Parras
2347	San Pedro
2348	Municipio de San Pedro
2349	Madero
2350	Municipio de Francisco
2351	Madero y Matamoros
2352	Municipio de Matamoros
2353	Estado de Coahuila
2354	Cesión Parcial de Derechos
2355	Unet Telecomunicaciones
2356	Solicitud de Cesión Parcial de Derechos
2357	Dirección General de Telecomunicaciones del Instituto
2358	René Robles Sánchez
2359	Unidad de Concesiones y Servicios del Instituto autorizó a Econo Cable
2360	Análisis de la Solicitud de Cesión Parcial de Derechos
2361	Administrador General
2362	Estado de Jalisco
2363	Clausula Quinta
2364	Se autoriza a Econo Cable
2365	Televisión por Cable de Múzquiz
2366	Melchor Múzquiz
2367	Secretaría otorgó a Televisión por Cable de Múzquiz
2368	Se autoriza a Televisión por Cable de Múzquiz
2369	Carlos Barrios Pérez
2370	Villa de Reyes
2371	Municipio de Villa de Reyes
2372	Estado de San Luis Potosí
2373	Barrios ni Personas Relacionadas
2374	Juan Carlos Salamanca Uranga
2375	Barrios y Personas Relacionadas
2376	María del Rosario Manuel Pineda
2377	Unión Juárez
2378	Municipio de Unión Juárez
2379	Registro Público de Concesiones del Instituto
2380	Ni la suscrita Solicitante
2381	Martha Elba Manuel Pineda
2382	TV restringida en Unión Juárez
2383	Nicolás Díaz Trujillo
2384	San Lorenzo Acopilco
2385	Delegación Cuajimalpa
2386	TV restringida en San Lorenzo Acopilco
2387	Delegación Cuajimalpa de Morelos
2388	El Comisionado Presidente del Instituto Federal de Telecomunicaciones
2389	TV Tabasqueña
2390	XHVET-TV en La Venta
2391	XHMET-TV en Tenosique
2392	Estado de Tabasco
2393	Resolutivos Segundo y Noveno de la Resolución
2394	Televisión Tabasqueña
2395	XHMET-TV en Tenosique y XHSTA-TV en Villahermosa
2396	Considerando Sexto
2397	Resolutivo Octavo de la Resolución
2398	Andrés Avelino de la Cerda Cortina
2399	Resolutivos Segundo
2400	Noveno y Décimo de la Resolución
2401	Resolutivo Segundo de la Resolución
2402	Noveno y Décimo
2403	Servicio Público de Televisión
2404	LIII Sesión Extraordinaria
2405	Total Play Telecomunicaciones S.A
2406	Total Play
2407	Registro Público de Concesiones del Instituto Federal de Telecomunicaciones
2408	AT&T Central
2409	AT&T del Golfo
2410	AT&T Comcentro
2411	AT&T del Occidente
2412	AT&T Norte
2413	AT&T Desarrollo en Comunicaciones de México
2414	AT&T Sureste
2415	AT&T Opco Une Mex
2416	Metodología de Costos
2417	Electrónico de Solicitudes de Interconexión
2418	Pleno del Instituto Federal de Telecomunicaciones establece el Sistema Electrónico de Solicitudes de Interconexión
2419	Acuerdo del Sistema
2420	Sistema Electrónico de Solicitudes de Interconexión
2421	Acuerdo de Tarifas
2422	AT&T Opco Une Mex y Total Play
2423	Solicitudes de Resolución
2424	Grupo AT&T y Total Play
2425	Local Fija de Total Play–Red Local Móvil Grupo AT&T
2426	Local Fija de Total Play–Red Local fija AT&T Opco Une Mex
2427	Interés Público
2428	II de la Constitución
2429	Total Play requirió a Grupo AT&T y AT&T Opco Une Mex
2430	En las Solicitudes de Resolución
2431	Grupo AT&T
2432	Alegatos presentados por Grupo AT&T y AT&T Opco Une Mex
2433	Resultados en Competencia Económica de la Política Pública
2434	Regulación Asimétrica
2435	Cobertura Universal
2436	Grupo AT&T y AT&T Opco Une Mex
2437	Metodología de Costos o del Acuerdo de Tarifas
2438	AT&T y AT&T Opco Une Mex señalan
2439	Instituto señala
2440	Décimo Tercero de la Metodología de Costos
2441	Los resultados del Modelo de Costos del Servicio de Interconexión
2442	El Instituto Federal de Telecomunicaciones
2443	Costo de Capital Promedio Ponderado
2444	Modelo de Costos del Servicio de Interconexión
2445	Modelo de Costos
2446	XVI Sesión Ordinaria de Pleno
2447	Grupo AT&T y de AT&T Opco Une Mex
2448	Servicios de Interconexión que Total Play
2449	Registro Público de Telecomunicaciones
2450	VII de la LFTyR
2451	IV y VII
2452	Total Play Telecomunicaciones
2453	VII de la Ley Federal de Telecomunicaciones y Radiodifusión
2454	Juzgados de Distrito Especializados en Materia de Competencia Económica
2455	Distrito Federal y Jurisdicción
2456	Ley de Amparo
2457	VIII de la Ley Federal de Telecomunicaciones y Radiodifusión
2458	Resolutivos Primero y Segundo
2459	Comisionada María Elena Estavillo Flores
2460	Visión del Sureste
2461	Municipio de Centro
2462	TV restringida en Villahermosa
2463	Personas Relacionada
2464	Televisión por Cable de Tabasco
2465	Conexión Tabasco Cables
2466	Alfonso Urruela Ochoa
2467	Visión del Sureste en Villahermosa
2468	TV restringida en Comalcalco y Paraíso
2469	Editorial El Expreso de Q
2470	Roo
2471	Acceso a Internet
2472	Huay-Pix y Xul-Ha
2473	Municipio de Othón P
2474	Estado de Quintana Roo
2475	Editorial El Expreso
2476	Internet Fijo
2477	Mega Cable
2478	Editorial El Expreso y la C
2479	Canto Chacón
2480	XVI Sesión Ordinaria
2481	Anteproyecto de Lineamientos
2482	La Consulta Pública
2483	Oficialía de Partes Común
2484	Constitución señala que el Instituto
2485	LFTyR señala que el Instituto
2486	Ejecutivo Federal y el Instituto
2487	Estrategia Digital Nacional y el Instituto
2488	Clasificación Internacional del Funcionamiento de la Discapacidad
2489	Organización Mundial de la Salud
2490	Organización Mundial
2491	Unión Internacional de Telecomunicaciones
2492	Convención de las Naciones Unidas sobre los Derechos de las Personas con Discapacidad
2493	Estados Miembro
2494	Estados Partes
2495	Conferencia de Plenipotenciarios de la UIT
2496	Conferencia de Plenipotenciarios
2497	Agenda Conectar
2498	Estados Miembros
2499	Estado Miembro de la Organización de las Naciones Unidas
2500	Telecommunications Act
2501	Telecommunication Disability Standard
2502	Customer Equipment
2503	Standard Telephone Service
2504	En la Sección
2505	Electronic Communications Act
2506	Las General Conditions of Entitlement
2507	Telecommunications Regulation
2508	Además la Disability Discrimination Act
2509	Mobile Industry Good Practice Guide for Service Delivery for Disabled and Elderly Customer
2510	Unidos de América
2511	Communications Act
2512	También en la Hearing Aid Compatibility Act
2513	Uniform Federal Accessibility Standards
2514	América Latina
2515	La Ley
2516	Ministerio de Tecnologías de la Información y las Comunicaciones
2517	Administración Pública
2518	Decreto Reglamentario
2519	Norma Técnica ICONTEC
2520	Plan Vive Digital
2521	AA y AAA
2522	Ley N
2523	Protección Integral de Personas con Discapacidad
2524	Agencia para el Desarrollo del Gobierno de Gestión Electrónica y la Sociedad de la Información y del Conocimiento
2525	La Ley para las Personas con Discapacidad
2526	Gaceta Oficial de la República Bolivariana de Venezuela
2527	Wide Web Consortium
2528	Ley de Infogobierno
2529	Estados Unidos de América
2530	Venezuela y Colombia
2531	World Wide Web Consortium
2532	El estándar WCAG
2533	Global para TIC
2534	Cabe mencionar que G3ict
2535	Alianza Global para el Desarrollo de las Tecnologías de la Información y Comunicación
2536	Convención sobre los Derechos de las Personas con Discapacidad
2537	Instituto Nacional de Estadística y Geografía
2538	Encuesta Nacional de la Dinámica Demográfica
2539	Ley General para la Inclusión de las Personas con Discapacidad
2540	Lengua de Señas Mexicana o el Sistema Braille
2541	Estatal y Municipal
2542	Bis de la Ley Federal para Prevenir y Eliminar la Discriminación
2543	Título Noveno
2544	LFTyR señala
2545	Concesionarios y Autorizados
2546	Lineamientos de Accesibilidad
2547	Comisión Federal de Mejora Regulatoria
2548	Coordinación General de Política del Usuario del Instituto realizó el Análisis de Impacto Regulatorio
2549	Coordinación General de Política del Usuario
2550	VI del Estatuto Orgánico del Instituto Federal de Telecomunicaciones
2551	Pleno del Instituto Federal de Telecomunicaciones en su XX Sesión Extraordinaria
2552	Adolfo Cuevas Teja y Javier Juárez Mojic
2553	Transitorio Tercero de los Lineamientos
2554	Casetas Públicas
2555	Comisionado Mario Germán Fromow Rangel
2556	Los presentes Lineamientos
2557	Usuarios con Discapacidad
2558	Servicios Públicos de Telecomunicaciones
2559	Concesionarios y Autorizados de Servicios Públicos de Telecomunicaciones
2560	Caseta Pública
2561	Concesionario o Autorizado
2562	Diseño Universal
2563	El Diseño Universal
2564	Personas con Discapacidad
2565	Los presentes Lineamientos Generales de Accesibilidad a los Servicios Públicos de Telecomunicaciones para Usuarios con Discapacidad
2566	Mobile Manufacturers Forum
2567	Nivel de Conformidad AA
2568	Pautas de Accesibilidad de Contenido de Internet
2569	Internet
2570	Procuraduría Federal del Consumidor
2571	Ruta Accesible
2572	Centro de Atención
2573	LXV de la Ley
2574	Sistemas de Atención
2575	Centros de Atención
2576	Tecnologías de Asistencia
2577	Personas con Discapacidad que utilizan Servicios Públicos de Telecomunicaciones
2578	Usuarios con Discapacidad sin Discriminación
2579	Discriminación hacia Usuarios con Discapacidad
2580	Las funcionalidades de Accesibilidad
2581	Los Concesionarios y Autorizados
2582	Accesibilidad para Personas
2583	Accesibilidad para Personas con Discapacidad
2584	Concesionario y Autorizado
2585	Centros de Atención de los Concesionarios y Autorizados
2586	Una Ruta Accesible
2587	Concesionarios y Autorizados a los Usuarios con Discapacidad
2588	Derechos de los Usuarios con Discapacidad
2589	Conceptos de Discapacidad
2590	Accesibilidad y Diseño Universal
2591	Internet de los Concesionarios y Autorizados de Servicios Públicos de Telecomunicaciones
2592	Internet de los Concesionarios y Autorizados
2593	Los Concesionarios y Autorizados deberán diseñar
2594	Realizará campañas
2595	Gobiernos Estatales y Municipales
2596	Asociaciones Civiles
2597	Personas con Discapacidad a los Servicios Públicos de Telecomunicaciones
2598	Portal del Instituto
2599	Accesibilidad a los Servicios Públicos de Telecomunicaciones
2600	Leonardo Julián López Sainz Puga
2601	Vega de Alatorre y Emilio Carranza
2602	Dirección General de Licitaciones de Espectro Radioeléctrico y Servicios
2603	María Lucila García Rodríguez
2604	Tlapehuala y San José Poliutla
2605	Estado de Guerrero
2606	Subsecretaría de Comunicaciones de la Secretaría
2607	Telecable de Tierra Caliente
2608	TELECABLE DE TIERRA CALIENTE S.A
2609	TV restringida en Tlapehuala y San José Poliutla
2610	Telecable de Tierra Caliente y Personas Relacionadas
2611	José Lama López
2612	San Pedro Tapanatepec
2613	Santo Domingo Zanatepec
2614	San Francisco Ixthuatán y Reforma de Pineda
2615	Estado de Oaxaca
2616	Espectro y Servicios A
2617	San Francisco del Mar
2618	Municipio de San Francisco del Mar
2619	Jesús Nataren Ovando
2620	Unidad de Supervisión y Verificación y la Unidad de Cumplimiento
2621	San Francisco Ixhuatán
2622	Reforma de Pineda y San Francisco del Mar
2623	Secretaría a la Unidad de Supervisión y Verificación mediante oficio IFT/D
2624	Unidad de Supervisión General de Verificación
2625	Acuerdo P
2626	Federal de Telecomunicaciones
2627	Dirección General de Política de Telecomunicaciones
2628	San Pedro Tanatepec
2629	Promotora Mercantil Escogar de la Frailesca
2630	Promotora Mercantil
2631	Jaltenango de la Paz
2632	Albino Corzo
2633	Solicitud de Concesión mediante oficio IFT
2634	Dirección General de Concentraciones y Con
2635	Promotora Mercantil y Personas Relacionada
2636	Promotora Mercanti
2637	Maxsau Escobar Cama
2638	García Ramo
2639	Limber Maxsau Escobar Camas y Juana García Ramos
2640	TV restringida en Jaltenango de La Paz
2641	Puerto Aventuras y Ciudad Riviera
2642	Estado de Quintana Ro
2643	Municipio de Playas de Rosarito
2644	Estado de Baja Californi
2645	Uso de la Concesión
2646	Compromisos de Cobertura
2647	La presente Concesión
2648	Municipio de Tulum
2649	Municipio de Solidaridad
2650	XXII de la Ley Federal de Telecomunicaciones y Radiodifusión
2651	Sexto y Séptimo Transitorio
2652	Inscríbanse la presente Resolución en el Registro Público de Concesiones
2653	Resolución a la Unidad de Cumplimiento
2654	Pleno del Instituto Federal de Telecomunicaciones en su XI Sesión Ordinaria
2655	María Elena Estavillo Flores y Mario Germán Fromow Rangel
2656	Grupo Hidalguense de Desarrollo
2657	Estado de México y Distrito Federal
2658	Procuraduría Federal de la Federación
2659	Procuraduría Federal de Consumidor
2660	Se niega a Grupo Hidalguense de Desarrollo
2661	Francisco Grajales Palacios
2662	Venustiano Carranza
2663	Municipio de Venustiano Carranza
2664	Materia de Competencia Económica
2665	Dirección General de Concentraciones y Concesiones de este Instituto
2666	Grajales Palacios
2667	Lumenet Comunicaciones
2668	Municipio de Mexicali
2669	Estado de Baja California
2670	Erick James Steinmann
2671	Comisión Nacional de Inversiones Extranjeras
2672	Quinto Transitorio
2673	Ley de Inversión Extranjera
2674	TV restringida en Mexicali
2675	Mónica Flores Corona
2676	Telmex/Telnor y Grupo Televisa
2677	Juan Alemán Vargas
2678	Coahuayana de Hidalgo
2679	Coahuayana Viejo y San Vicente
2680	Municipio de Coahuayana
2681	Estado de Michoacán
2682	Cerro de Ortega
2683	Municipio de Tecomán
2684	Estado de Colima
2685	Telecable de Coahuayana
2686	El Ticuiz y Colonia Veinte de Noviembre
2687	Aquila y La Placita de Morelos
2688	Municipio de Aquila
2689	Mario Alberto Radilla Hernández
2690	Naolinco de Victoria
2691	Municipio de Acatlán
2692	Municipio de Miahuatlán
2693	Acatlán y Miahuatlán
2694	Sky y Dish o los CC
2695	José Luis Oliva Cano y C
2696	Sandra Mirea Meraz Ponce
2697	Poza Rica de Hidalgo
2698	Municipio de Poza Rica de Hidalgo
2699	Smart Cable
2700	Ley y el Reglamento del Servicio de Televisión y Audio Restringidos
2701	Ciudad de Poza Rica de Hidalgo
2702	Se autoriza a Digicable
2703	Víctor Joaquín Rodríguez Trujillo
2704	Palmar Chico
2705	Municipio de Amatepec y Bejucos
2706	Municipio de Tejupilco
2707	Estado de México
2708	San Pedro Limón
2709	Municipio de Tlatlaya
2710	Salitre Palmarillos
2711	Cerro del Campo
2712	Cuadrilla de López y Amadores
2713	Municipio de Amatepec
2714	Ciber Cable
2715	José Félix Gallegos Hernández y Félix Eduardo López Rodríguez
2716	Entidad Federativa
2717	Víctor Joaquín Rodríguez Trujillo y/o Ciber Cable
2718	Cable Sistema del Centro
2719	Cable Sistema
2720	Chalcatzingo y Amayuca
2721	Municipio de Jantetelco
2722	Temoac y Popotlán
2723	Santo Tomás
2724	Municipio de Temoac
2725	Zacualpan de Amilpas y Tlacotepec
2726	Municipio de Zacualpan
2727	Estado de Morelos
2728	Acuerdo de Redes Públicas
2729	Municipio de Temoac y Zacualpan de Amilpas y Tlacotepec
2730	Décimo Séptimo
2731	León de Los Aldama
2732	Estado de Guanajuato
2733	Reyes Rosas
2734	San Diego de la Unión
2735	Municipio de San Diego de la Unión
2736	OSCAR REYES ROSAS
2737	Concesión de Red
2738	Video Grylm
2739	Concesiones de Bandas
2740	San Luis Potosí
2741	Guanajuato y Querétaro
2742	Comunicación Segura
2743	Unidad de Servicios a la Industria del Instituto Federal de Telecomunicaciones
2744	Concesionaria Comseg
2745	Cuarto Transitorio del Decreto de Reforma Constitucional señala que la Ley
2746	Secretaría otorgó a Concesionaria Comseg
2747	Las Concesiones de Bandas
2748	Se autoriza a Concesionaria Comseg
2749	Margarita Guadalupe Borboa García
2750	Santander Jiménez y Abasolo
2751	Servicios de Cable y Telecomunicaciones
2752	Altata Telecomunicaciones de México
2753	San Miguel de Allende
2754	Notario Público No
2755	Registro Público de Comercio del D.F
2756	Cable Conexión
2757	Municipio de Indaparapeo
2758	Municipio de Charo
2759	Municipio de Morelia
2760	Tele Cable Centro Occidente
2761	Concesión el Anexo B
2762	Transporte de Señales del Servicio Local
2763	Servicio de Transporte de Señales del Servicio Local
2764	Servicio y Equipo en Telefonía Internet y TV
2765	Acta de Verificación número IFT/DF/DGV
2766	Acceso a Internet Fijo y Telefonía Fija
2767	Acceso a Internet Fijo y/o Telefonía Fija
2768	Impacto Telecomunicaciones
2769	Teziutlán y Chignautla
2770	Estado de Puebla
2771	T.V.I Nacional
2772	Telecable Bacalar
2773	Centro SCT del Estado de Quintana Roo
2774	Sky y Dish o la C
2775	Victoria Noemí Canto Chacón
2776	Sara Quiroz Chapa
2777	Emiliano Zapata y Tomendán
2778	Municipio de Taretan
2779	Caracha y Patuán
2780	Municipio de Ziracuaretiro
2781	La Purísima y El Hoyo del Aire
2782	Tipítaro y San Vicente
2783	Municipio de Nuevo Urecho
2784	San Andrés Coru y El Copal
2785	Muncipio de Ziracuaretiro
2786	Tumbiscatío de Ruiz
2787	La Purísima
2788	El Hoyo del Aire
2789	San Vicente
2790	San Andrés Coru y El
2791	Nueva Red Internet de México
2792	Nueva Red
2793	Municipios de Guadalajara
2794	El Salto
2795	Tlajomulco de Zúñiga
2796	Puerto Vallarta
2797	San Sebastián del Oeste
2798	Tequila y San Ignacio Cerro Gordo
2799	Guadalajara Jalisco
2800	Registro Público de la Propiedad y de Comercio
2801	Red señaló
2802	Konecta de México
2803	Municipio de Tijuana
2804	Ensenada Municipio de Ensenada
2805	Playas de Rosarito
2806	Ensenada y Rosarito
2807	Si bien Konecta de México
2808	Pleno de la Comisión Federal de Telecomunicaciones expide el Plan Técnico Fundamental de Interconexión e Interoperabilidad
2809	Pleno de la Comisión Federal de Telecomunicaciones
2810	Comisión Federal de Telecomunicaciones determina que Teléfonos de México
2811	Juzgado Decimosegundo de Distrito en Materia Administrativa en la Ciudad de México
2812	Décimo Segundo Tribunal Colegiado en Materia Administrativa de la Ciudad de México
2813	Tribunal Colegiado
2814	Amparar y Proteger a Telmex
2815	Décimo Segundo Tribunal Colegiado en Materia Administrativa del Primer Circuito
2816	Suprema Corte de Justicia de la Nación
2817	Primera Sala de la Suprema Corte de Justicia de la Nación
2818	Jueza de Distrito
2819	Ley Federal de Telecomunicaciones y Ley Federal de Procedimiento Administrativo
2820	Tribunales Colegiados en Materia Administrativa Especializados en Competencia Económica
2821	Primer Tribunal Colegiado en Materia Administrativa Especializados en Competencia Económica
2822	Primero Transitorio del citado Decreto de Ley
2823	Primer Tribunal Colegiado en Materia Administrativa Especializado en Competencia Económica
2824	Decimosegundo de Distrito en Materia Administrativa en la Ciudad de México
2825	La Justicia de la Unión
2826	Sociedad Anónima Bursátil de Capital Variable
2827	Director General de Defensa Jurídica de la Comisión Federal de Telecomunicaciones
2828	El Tribunal Colegiado
2829	Justicia Federal
2830	Teléfonos de México S.A.B de C.V
2831	Lucia Pérez Medina Vda
2832	Mondragón
2833	Pérez Medina Vda
2834	Promoción y Asesoría Integral de Telecomunicaciones
2835	Promoción y Asesoría
2836	San José Chiapa
2837	Municipio de San José Chiapa
2838	Internet fijo en San José Chiapa
