2014-11-20,presentó,3187,escrito,,,108,208,Con fecha 20_de_noviembre_de_2014  la empresa Promotora_Mercantil_Escogar_de_la_Frailesca_Sadecv ( “ Promotora_Mercantil ” )  a_través_de su representante legal  presentó ante el Instituto un escrito por_medio_de el cual solicitó el otorgamiento de un título de concesión para instalar  operar y explotar una red pública de telecomunicaciones con cobertura en Jaltenango_de_la_Paz ( Ángel_Albino_Corzo )  Municipio_de_Ángel_Albino_Corzo  en el Estado_de_Chiapas  para prestar el servicio de televisión restringida por cable ( la “ Solicitud_de_Concesión ” ) .
2015-09-02,presentó,2630,respuesta,,,108,565,Con fecha 2_de_septiembre_de_2015  Promotora_Mercantil presentó respuesta a el requerimiento IFT referente a su Solicitud_de_Concesión  a_través_de la cual manifiesta su interés en obtener una concesión única para uso comercial ; asimismo  presenta la escritura pública mediante la cual se acreditan los poderes de el representante legal que firma la Solicitud_de_Concesión .
2015-09-09,presentó,,comprobante,,,108,1706,En respuesta a lo anterior  con fecha 9_de_septiembre_de_2015 Promotora_Mercantil  presentó ante el Instituto el comprobante de pago por aprovechamientos por el estudio de una solicitud de concesión única para uso comercial .
2014-09-12,presentó,3267,escrito,,,111,194,Con fecha 12_de_septiembre_de_2014  el C._Francisco_Grajales_Palacios presentó ante el Instituto un escrito por_medio_de el cual solicitó el otorgamiento de un título de concesión para instalar  operar y explotar una red pública de telecomunicaciones con cobertura en la localidad de Venustiano_Carranza  Municipio_de_Venustiano_Carranza  en el Estado_de_Chiapas  para prestar el servicio de televisión restringida por cable ( la “ Solicitud_de_Concesión ” ) .
2015-05-13,presentó,3267,información,,,111,392,El 13_de_mayo_de_2015  el C._Francisco_Grajales_Palacios presentó información en respuesta a el oficio de requerimiento IFT  con la que acredita capacidad técnica y administrativa .
2015-04-09,presentó,3600,solicitud,,,90,264,El 9_de_abril_de_2015  el C._Jorge_Adalberto_Esperón_Heredia a_través_de su representante legal  presentó ante el Instituto solicitud de prórroga de vigencia de la Concesión ( la “ Solicitud_de_Prórroga ” ) .
2013-07-12,presentó,3705,solicitud,,,93,199,El 12_de_julio_de_2013  TV_Cable_de_Jiménez_Chihuahua_Sadecv  a_través_de su representante legal  presentó ante la extinta Comisión_Federal_de_Telecomunicaciones ( la “ Comisión ” )  solicitud de prórroga de vigencia de la Concesión ( la “ Solicitud_de_Prórroga ” ) .
2009-10-16,presentó,1777,escrito,,,78,421,El 16_de_octubre_de_2009  el representante legal de Axtel presentó ante la Comisión_Federal_de_Telecomunicaciones ( en_lo_sucesivo  la  Comisión  )  el escrito No . 321-2009 mediante el cual solicita la intervención de este órgano a_efecto_de que resuelva los términos  condiciones y tarifas aplicables a_partir_de el 10_de_enero_de_2010  que no ha podido convenir con Telmex_y_Telnor para la interconexión de sus respectivas redes públicas de telecomunicaciones ( en_lo_sucesivo  la  Solicitud_de_Resolución  ) .
2009-11-17,presentó,1759,escritos,,,78,1262,Como consecuencia de lo anterior  Axtel manifiesta que Telmex_y_Telnor no han tenido la intención de pactar las condiciones de interconexión que les fueron propuestas  por lo que habiendo transcurrido en exceso los 60 ( sesenta ) días establecidos por el artículo 42 de la Ley_Federal_de_Telecomunicaciones ( en_lo_sucesivo  la  LFT ” )  sin que las partes hayan podido convenir los términos planteados  y más aún  Telmex_y_Telnor han señalado expresamente que los términos y condiciones solicitados por Axtel son improcedentes  es que existe un desacuerdo entre las partes . V._Oficio_de_Vista . EI 2_de_noviembre_de_2009  se notificó por instructivo a Telmex_y_Telnor el oficio CFT de 23_de_octubre_de_2009  por el que se le dio vista a dichos concesionarios de la Solicitud_de_Resolución  para que en un plazo no mayor a 10 ( diez ) días hábiles contados a_partir_de el día siguiente a que surtiera efectos legales su notificación  manifestaran lo que a su derecho conviniera e informaran si existían condiciones que no hubieran podido convenir con Axtel y de ser el caso  señalaran expresamente en qué consistían los desacuerdos  fijaran su postura a el respecto y ofrecieran los elementos de prueba que estimaran pertinentes ( en_lo_sucesivo  el  Oficio_de_Vista  ) . VI . Respuestas_de_Telmex_y_Telnor . EI 17_de_noviembre_de_2009  el representante legal de Telmex_y_Telnor presentó ante la Comisión los escritos Jrr.Cft.264 y Jrr.Cft.265  mediante los cuales dio respuesta en tiempo a el Oficio_de_Vista  manifestó su postura  formuló argumentos y ofreció pruebas respecto_a el desacuerdo de interconexión iniciado por Axtel ( en_lo_sucesivo  las  Respuestas_de_Telmex_y_Telnor  ) .
2010-01-07,presentó,1759,escritos,,,78,1417,El 7_de_enero_de_2010  el representante legal de Telmex_y_Telnor presentó ante la Comisión los escritos Jrr.Cft.001 y Jrr.Cft.O10  por los que formuló en tiempo los correspondientes alegatos ( en_lo_sucesivo  los  Alegatos_de_Telnor  ) .
2010-01-08,presentó,1777,escrito,,,78,1453,El 8_de_enero_de_2010  el representante legal de Axtel presentó ante la Comisión el escrito No . 003-2010 por el que formuló en tiempo los correspondientes alegatos ( en_lo_sucesivo  los  Alegatos_de_Axtel  ) .
2013-09-17,presentó,5198,solicitud,,,87,175,Los días 11 y 17_de_septiembre_de_2013  el C._Javier_Moreno_López presentó ante la Dirección_General_de_Política_de_Telecomunicaciones y de Radiodifusión_de_la_Secretaría  y ante el Instituto respectivamente  solicitud de prórroga de vigencia de la Concesión ( la “ Solicitud_de_Prórroga ” ) .
2014-01-08,presentó,5325,solicitud,,,132,177,El 8_de_enero_de_2014  el representante legal de Telecable_Bacalar_Sadecv  presentó ante el Centro_SCT_de_el_Estado_de_Quintana_Roo  solicitud de prórroga de vigencia de la Concesión ( la “ Solicitud_de_Prórroga ” )  misma que fue remitida a el Instituto mediante los oficios SCT.6.22.302.-005 y SCT.6.22.302.-064  recibidos el 31_de_enero_de_2014 y el 7_de_abril_de_2014 respectivamente .
2014-01-08,presentó,5325,escrito,,,132,243,Previo a que el Instituto tuviera conocimiento de los oficios mencionados en el párrafo anterior  el 17_de_enero_de_2014 el representante legal de Telecable_Bacalar_Sadecv  presentó ante este Órgano_Autónomo escrito con el cual reitera la prórroga de vigencia solicitada ante el Centro_SCT_de_el_Estado_de_Quintana_Roo el 8_de_enero_de_2014 .
2013-11-25,presentó,5631,solicitud,,,117,212,El 25_de_noviembre_de_2013  el C._Mario_Alberto_Radilla_Hernández presentó ante el Instituto  solicitud de prórroga de vigencia de la Concesión ( la “ Solicitud_de_Prórroga ” ) .
2014-09-18,presentó,5868,escrito,,,97,194,Con fecha 18_de_septiembre_de_2014  la C._María_de_el_Rosario_Manuel_Pineda presentó ante el Instituto un escrito por_medio_de el cual solicitó el otorgamiento de un título de concesión para instalar  operar y explotar una red pública de telecomunicaciones con cobertura en la localidad de Unión_Juárez  Municipio_de_Unión_Juárez  en el Estado_de_Chiapas  para prestar el servicio de televisión restringida por cable ( la “ Solicitud_de_Concesión ” ) .
2015-05-13,presentó,5868,información,,,97,399,Con fechas 5 y 13_de_mayo_de_2015  la C._María_de_el_Rosario_Manuel_Pineda presentó información en respuesta a el oficio de requerimiento IFT  con la que acredita capacidad técnica y administrativa .
2015-04-08,presentó,2834,escrito,,,138,214,Con fecha 8_de_abril_de_2015  la empresa Promoción_y_Asesoría_Integral_de_Telecomunicaciones  S.C. ( “ Promoción_y_Asesoría ” )  a_través_de su representante legal  presentó ante el Instituto un escrito por_medio_de el cual solicitó el otorgamiento de una concesión única para uso comercial con cobertura en San_José_Chiapa  Municipio_de_San_José_Chiapa  en el Estado_de_Puebla  para prestar los servicios de televisión restringida por cable y transmisión bidireccional de datos para el Acceso a Internet ( la “ Solicitud_de_Concesión ” ) .
2015-06-15,presentó,2835,respuesta,,,138,512,Con fecha 15_de_junio_de_2015  Promoción_y_Asesoría presentó respuesta a el requerimiento IFT referente a la Solicitud_de_Concesión  a_través_de la cual presentó ante el Instituto el comprobante de el pago de aprovechamientos por el estudio de la solicitud de una concesión única para uso comercial  en términos de el Acuerdo_de_Pago_de_Aprovechamientos .
2015-06-15,presentó,2835,comprobante,,,138,1647,En respuesta a lo anterior  con fecha 15_de_junio_de_2015  Promoción_y_Asesoría presentó ante el Instituto el comprobante de pago por aprovechamientos por el estudio de una solicitud de concesión única para uso comercial .
2015-09-11,presentó,11231,comprobante,,,125,2160,Respecto_a el segundo requisito de procedencia  mediante escrito presentado el 11_de_septiembre_de_2015  Concesionaria_Comseg_Sadecv dio respuesta a el requerimiento de información formulado por la Dirección_General_de_Concesiones_de_Telecomunicaciones adscrita a la Unidad_de_Concesiones_Y_Servicios  mediante el cual presentó el comprobante de pago de derechos por concepto de el estudio de la solicitud de modificación de la Concesión_de_Red  conforme_a el inciso a ) fracción IX de el artículo 97 de la Ley_Federal_de_Derechos  establecido en el penúltimo párrafo de el mismo artículo de los Lineamientos .
2015-08-07,presentó,6162,formato,,,76,251,Con fecha 7_de_agosto_de_2015  NGNHOLDING_Sadecv ( “ NGNHOLDING ” )  presentó ante el Instituto  a_través_de su representante legal  el formato IFT-Concesión_Única mediante el cual solicitó el otorgamiento de una concesión única para uso comercial  para prestar el servicio de transmisión de datos  a_través_de enlaces de microondas punto a punto  utilizando espectro libre en la banda de 5 GHz  con un programa de cobertura inicial en las localidades de Baca  Municipio_de_Baca  Tanyá  Municipio_de_Motul_y_Mocochá  Municipio_de_Mocochá en el Estado_de_Yucatán ( la “ Solicitud_de_Concesión ” ) .
2013-05-31,presentó,8344,solicitud,,,79,107,El 31_de_mayo_de_2013  el C._Gabriel_Butrón_Chiapa  presentó ante la extinta Comisión_Federal_de_Telecomunicaciones ( la “ Comisión ” )  solicitud de prórroga de vigencia de la Concesión ( la “ Solicitud_de_Prórroga ” ) .
2014-01-13,presentó,6405,solicitud,,,129,176,El 13_de_enero_de_2014  el representante legal de Impacto_Telecomunicaciones_Sadecv  presentó ante el Instituto solicitud de prórroga de vigencia de la Concesión ( la “ Solicitud_de_Prórroga ” ) .
2014-01-15,presentó,6593,solicitud,,,106,199,El 15_de_enero_de_2014  el representante legal de Telecable_de_Tierra_Caliente_Sadecv  presentó ante el Instituto solicitud de prórroga de vigencia de la Concesión ( la “ Solicitud_de_Prórroga ” ) .
2014-01-15,presentó,6724,solicitud,,,104,172,El 15_de_enero_de_2014  el C._Leonardo_Julián_López_Sainz_Puga presentó ante el Instituto  solicitud de prórroga de vigencia de la Concesión ( la “ Solicitud_de_Prórroga ” ) .
2014-09-24,presentó,6805,solicitud,,,96,195,Con fecha 24_de_septiembre_de_2014  el C._Carlos_Barrios_Pérez presentó ante el Instituto solicitud para el otorgamiento de una concesión para instalar  operar y explotar una red pública de telecomunicaciones con cobertura en la localidad de Villa_de_Reyes  Municipio_de_Villa_de_Reyes  en el Estado_de_San_Luis_Potosí  para prestar el servicio de televisión restringida por cable ( la “ Solicitud_de_Concesión ” ) .
2007-07-17,presentó,6913,inicio,,,77,223,Con fecha 17_de_julio_de_2007  el representante legal de TV_de_Calpulalpan_Sadecv  presentó ante la Dirección_General_de_Política_de_Telecomunicaciones_de_la_Secretaría  escrito mediante el cual hace de conocimiento que su representada dará inicio a el servicio de transporte de señales de el servicio local  a_partir_de el 25_de_julio_de_2007  de conformidad con el “ Acuerdo por el que se modifica el Anexo_A y se adiciona  según corresponda  el Anexo_B o C a los títulos de concesión para instalar  operar y explotar redes públicas de telecomunicaciones que comprenden el servicio de televisión restringida a_través_de redes cableadas  para incluir el servicio de transmisión bidireccional de datos ”  publicado en el Diario_Oficial_de_la_Federación el 7_de_octubre_de_2003 .
2014-01-16,presentó,7023,solicitud,,,124,172,El 16_de_enero_de_2014  el C._Óscar_Reyes_Rosas presentó ante el Instituto  solicitud de prórroga de vigencia de la Concesión ( la “ Solicitud_de_Prórroga ” ) .
2015-12-18,presentó,9128,dicho,,,85,1838,Por lo que hace a el primer requisito señalado en el artículo 24 de los Lineamientos  relativo a que Sistema_de_Cable_Hkan_Sadecv presente el Formato_IFT-Transición que se señala  este Instituto lo considera cumplido en_virtud_de que el 18_de_diciembre_de_2015 se presentó dicho formato debidamente requisitado y firmado por el representante legal de la concesionaria .
2013-12-17,presentó,7222,solicitud,,,116,252,El 17_de_diciembre_de_2013  el representante legal de Telecable_de_Coahuayana_Sadecv  presentó ante el Instituto solicitud de prórroga de vigencia de la Concesión ( la “ Solicitud_de_Prórroga ” ) .
2014-04-21,presentó,7887,escrito,,,120,118,Con fecha 21_de_abril_de_2014  la empresa Cable_Sistema_de_el_Centro_Sadecv ( “ Cable_Sistema ” )  a_través_de su representante legal  presentó ante el Instituto un escrito por_medio_de el cual solicitó el otorgamiento de un título de concesión para instalar  operar y explotar una red pública de telecomunicaciones con cobertura en Jantetelco  Chalcatzingo_y_Amayuca  Municipio_de_Jantetelco ; Amilcingo  Huazulco  Temoac_y_Popotlán ( Barrio_Santo_Tomás )  en el Municipio_de_Temoac ; Zacualpan_de_Amilpas_y_Tlacotepec  en el Municipio_de_Zacualpan  pertenecientes a el Estado_de_Morelos  para prestar el servicio de televisión restringida por cable ( la “ Solicitud_de_Concesión ” ) .
2015-04-10,presentó,2719,información,,,120,349,Con fecha 10_de_abril_de_2015  Cable_Sistema presentó información complementaria a su Solicitud_de_Concesión  a_través_de la cual presenta el resumen de inversiones estimadas para el año de preoperación y los tres años de operación contemplados en su proyecto .
2013-12-17,presentó,8020,solicitud,,,133,261,El 17_de_diciembre_de_2013  la C._Sara_Quiroz_Chapa presentó ante el Instituto  solicitud de prórroga de vigencia de la Concesión ( la “ Solicitud_de_Prórroga ” ) .
2014-03-12,presentó,8020,escrito,,,133,377,Con fecha 12_de_marzo_de_2014  la C._Sara_Quiroz_Chapa presentó ante el Instituto escrito mediante el cual hace de conocimiento que dará inicio a el servicio de transmisión bidireccional de datos a_partir_de el 1_de_junio_de_2014  de conformidad con el “ ACUERDO por el que se modifica el Anexo_A y se adiciona  según corresponda  el Anexo_B o C a los títulos de concesión para instalar  operar y explotar redes públicas de telecomunicaciones que comprenden el servicio de televisión restringida a_través_de redes cableadas  para incluir el servicio de transmisión bidireccional de datos ”  publicado en el Diario_Oficial_de_la_Federación el 7_de_octubre_de_2003 .
2015-09-29,presentó,8128,formato,,,134,251,Con fecha 29_de_septiembre_de_2015  Nueva_Red_Internet_de_México_Srldecv ( “ Nueva_Red ” )  presentó ante el Instituto  a_través_de su representante legal  el formato IFT-Concesión_Única mediante el cual solicitó el otorgamiento de una concesión única para uso comercial  para prestar el servicio de transmisión de datos bidireccionales ( internet ) y telefonía fija en la modalidad IP  con un proyecto inicial de cobertura en los Municipios_de_Guadalajara  Zapopan  El_Salto  Tlaquepaque  Tlajomulco_de_Zúñiga  Magdalena  Puerto_Vallarta  San_Sebastián_de_el_Oeste  Tequila_y_San_Ignacio_Cerro_Gordo  todos en el Estado_de_Jalisco  utilizando espectro libre en la banda de 5 GHz . ( la “ Solicitud_de_Concesión ” ) .
2015-07-06,presentó,10940,solicitud,,,131,195,Con fecha 6_de_julio_de_2015  Editorial_El_Expreso_de_Q._Roo_Sadecv presentó ante el Instituto a_través_de su representante legal  solicitud para el otorgamiento de una concesión para instalar  operar y explotar una red pública de telecomunicaciones para prestar los servicios de provisión y arrendamiento de la capacidad de la red y de la capacidad adquirida de otras redes públicas de telecomunicaciones ; transmisión bidireccional de datos  Acceso a Internet y televisión restringida con cobertura en Bacalar  Calderitas  Chetumal  Huay-Pix_y_Xul-Ha  Municipio_de_Othón_P._Blanco  en el Estado_de_Quintana_Roo ( la “ Solicitud_de_Concesión ” ) .
2015-08-18,presentó,10940,información,,,131,345,Con fechas 3 y 18_de_agosto_de_2015  Editorial_El_Expreso_de_Q._Roo_Sadecv presentó información complementaria referente a su Solicitud_de_Concesión  a_través_de la cual manifiesta su interés en obtener una concesión única para prestar diversos servicios públicos de telecomunicaciones ; y  adicionalmente  presentó la documentación correspondiente para acreditar capacidad administrativa .
2015-08-18,presentó,,documentación,,,131,365,Con fechas 3 y 18_de_agosto_de_2015  Editorial_El_Expreso_de_Q._Roo_Sadecv presentó información complementaria referente a su Solicitud_de_Concesión  a_través_de la cual manifiesta su interés en obtener una concesión única para prestar diversos servicios públicos de telecomunicaciones ; y  adicionalmente  presentó la documentación correspondiente para acreditar capacidad administrativa .
2013-05-31,presentó,8344,solicitud,,,114,107,El 31_de_mayo_de_2013  el C._Gabriel_Butrón_Chiapa  presentó ante la extinta Comisión_Federal_de_Telecomunicaciones ( la “ Comisión ” )  solicitud de prórroga de vigencia de la Concesión ( la “ Solicitud_de_Prórroga ” ) .
2013-10-25,presentó,8469,solicitud,,,126,204,El 25_de_octubre_de_2013  Servicios_de_Cable_y_Telecomunicaciones_Sadecv  a_través_de su representante legal  presentó ante el Instituto  solicitud de prórroga de vigencia de la Concesión ( la “ Solicitud_de_Prórroga ” ) .
2014-01-27,presentó,8469,pago,,,126,326,El 27_de_enero_de_2014  Servicios_de_Cable_y_Telecomunicaciones_Sadecv  a_través_de su representante legal  presentó ante el Instituto  el pago de derechos correspondiente a el estudio de la Solicitud_de_Prórroga .
2014-01-27,presentó,8469,comprobante,,,126,4012,En alcance a el escrito de solicitud  el 27_de_enero_de_2014 Servicios_de_Cable_y_Telecomunicaciones_Sadecv presentó  de conformidad con la normatividad vigente en ese momento  el comprobante de pago por el estudio de la solicitud de prórroga de el título de concesión .
2013-04-23,presentó,10910,escritos,,,109,54,El 23_de_abril_de_2013  Cablemás_Telecomunicaciones_Sadecv ( “ Cablemás_Telecomunicaciones ” )  a_través_de su representante legal  presentó ante la Dirección_General_de_Política_de_Telecomunicaciones y de Radiodifusión y ante la Comisión_Federal_de_Telecomunicaciones  diversos escritos mediante los cuales solicita la prórroga de vigencia de tres títulos de concesión de redes públicas de telecomunicaciones  otorgados en su momento por la Secretaría_de_Comunicaciones_Y_Transportes  con una vigencia de 10 ( diez ) años cada uno contados a_partir_de su otorgamiento  cuyas particularidades se describen en el siguiente cuadro ( las “ Solicitudes_de_Prórroga ” ) : No .
2015-03-06,presentó,8653,solicitud,,,98,194,Con fecha 6_de_marzo_de_2015  el C._Nicolás_Díaz_Trujillo presentó ante el Instituto solicitud para el otorgamiento de una concesión para instalar  operar y explotar una red pública de telecomunicaciones con cobertura en la localidad de San_Lorenzo_Acopilco  en la Delegación_Cuajimalpa  en el Distrito_Federal  para prestar el servicio de televisión restringida por cable ( la “ Solicitud_de_Concesión ” ) .
2015-07-06,presentó,8653,respuesta,,,98,454,Con fecha 6_de_julio_de_2015  el C._Nicolás_Díaz_Trujillo presentó respuesta a el requerimiento IFT referente a su Solicitud_de_Concesión  a_través_de la cual manifiesta su interés en obtener una concesión única para uso comercial y presenta el comprobante de el pago de aprovechamientos por el estudio de la solicitud de una concesión única para uso comercial .
2015-07-06,presentó,8653,comprobante,,,98,1663,En respuesta a lo anterior  con fecha 6_de_julio_de_2015 el C._Nicolás_Díaz_Trujillo  presentó ante el Instituto el comprobante de pago por aprovechamientos por el estudio de una solicitud de concesión única para uso comercial .
2013-11-08,presentó,8799,solicitud,,,107,322,El 8_de_noviembre_de_2013  el C._Jesús_Nataren_Ovando  presentó ante el Instituto  solicitud de prórroga de vigencia de la Concesión ( la “ Solicitud_de_Prórroga ” )  y posteriormente  el 20_de_noviembre_de_2013 presentó el pago de derechos correspondiente a el estudio de la misma .
2013-11-20,presentó,,pago,,,107,340,El 8_de_noviembre_de_2013  el C._Jesús_Nataren_Ovando  presentó ante el Instituto  solicitud de prórroga de vigencia de la Concesión ( la “ Solicitud_de_Prórroga ” )  y posteriormente  el 20_de_noviembre_de_2013 presentó el pago de derechos correspondiente a el estudio de la misma .
2014-04-11,presentó,8799,renuncia,,2612,107,3316,A el respecto mediante oficio 2.1.-0339 emitido por la Dirección_General_de_Política_de_Telecomunicaciones y de Radiodifusión adscrita a la Secretaría  notificó el oficio 1.-74 recibido en este Instituto el 11_de_abril_de_2014  mediante el cual la Secretaría emitió la opinión técnica en sentido favorable y recomendó lo siguiente : “ [ … ] se recomienda que ese Instituto_Federal_de_Telecomunicaciones verifique si se resolvió la modificación de cobertura de la red de dicho concesionario  toda vez que en los registros con que cuenta esta Secretaría  el C._Jesús_Nataren_Ovando presentó formal renuncia a la población de San_Pedro_Tapanatepec  en el Estado_de_Oaxaca  por lo que la opinión favorable de el caso que nos ocupa queda condiciona a el resultado de la verificación que efectué ese Instituto .
2013-11-20,presentó,1980,comprobante,,,107,4078,El 20_de_noviembre_de_2013  en alcance a la Solicitud_de_Prórroga presentada el 8 de el mismo mes y año  el solicitante presentó de conformidad con la normatividad vigente en ese momento  el comprobante de pago por el estudio de la solicitud de prórroga de el título de concesión .
2015-09-23,presentó,8961,escrito,,,94,420,El 23_de_septiembre_de_2015  el representante legal de la empresa Econo_Cable_Sadecv presentó ante el Instituto escrito mediante el cual solicitó autorización para llevar_a_cabo la cesión parcial de los derechos y obligaciones de la Concesión a_favor_de la empresa Unet_Telecomunicaciones_Sadecv  únicamente por lo que respecta a las localidades de Monclova  Municipio_de_Monclova ; Frontera  Municipio_de_Frontera ; Castaños  Municipio_de_Castaños ; San_Buenaventura  Municipio_de_San_Buenaventura ; Cuatro Ciénegas_de_Carranza  Municipio de Cuatro Ciénegas ; Ciudad_Melchor_Múzquiz  Municipio_de_Múzquiz ; San_Juan_de_Sabinas  Municipio_de_San_Juan_de_Sabinas ; Piedras_Negras  Municipio_de_Piedras_Negras ; Nava  Municipio_de_Nava ; Allende  Municipio_de_Allende ; Morelos  Municipio_de_Morelos ; Zaragoza  Municipio_de_Zaragoza ; Ramos_Arizpe  Municipio_de_Ramos_Arizpe ; Arteaga  Municipio_de_Arteaga  y Parras_de_La_Fuente  Municipio_de_Parras  en el Estado_de_Coahuila ( la “ Solicitud_de_Cesión_Parcial_de_Derechos ” ) .
2015-10-28,presentó,8961,escrito,,,94,608,El 28_de_octubre_de_2015  el representante legal de la empresa Econo_Cable_Sadecv  presentó ante el Instituto escrito en respuesta a el requerimiento de información señalado en el Antecedente_VI de la presente Resolución  mediante el cual adjunta copia simple el instrumento público número cuarenta_y_ocho de fecha 14_de_julio_de_2015  pasada ante la fe de el Notario_Público número veinticuatro de el Estado_de_Coahuila  en el que consta el otorgamiento de un poder general  entre otros  para actos de administración y de dominio con rendición de cuentas  a_favor_de el C._René_Robles_Sánchez  el cual se había presentado en copia certificada ante el Instituto el 27_de_octubre_de_2015  para su debida acreditación .
2015-05-29,presentó,9050,través,,,135,196,Con fecha 29_de_mayo_de_2015  Konecta_de_México_Srldecv  presentó ante el Instituto través de su representante legal  solicitud para el otorgamiento de una concesión única para uso comercial para prestar cualquier servicio de telecomunicaciones que técnicamente le permita su infraestructura  así_como la comercialización de la capacidad y servicios adquiridos de otros concesionarios de redes públicas de telecomunicaciones con los que tenga celebrados los convenios correspondientes  con cobertura en las localidades de Mexicali  Municipio_de_Mexicali ; Tijuana  Municipio_de_Tijuana ; Ensenada_Municipio_de_Ensenada ; y Playas_de_Rosarito  Municipio_de_Playas_de_Rosarito  en el Estado_de_Baja_California ( la “ Solicitud_de_Concesión ” ) .
2015-09-22,presentó,9050,respuesta,,,135,478,Con fecha 22_de_septiembre_de_2015  Konecta_de_México_Srldecv presentó respuesta a el requerimiento IFT  a_través_de la cual indica las frecuencias de el espectro radioeléctrico que utilizará para la prestación de los servicios de telecomunicaciones  los cuales abarcan los segmentos ubicados en la banda de 5.18 a 5.825 GHz .
2015-12-18,presentó,9128,dicho,,,73,1838,Por lo que hace a el primer requisito señalado en el artículo 24 de los Lineamientos  relativo a que Sistema_de_Cable_Hkan_Sadecv presente el Formato_IFT-Transición que se señala  este Instituto lo considera cumplido en_virtud_de que el 18_de_diciembre_de_2015 se presentó dicho formato debidamente requisitado y firmado por el representante legal de la concesionaria .
2016-02-18,presentó,2389,,,2399,99,431,Como consecuencia de la notificación señalada anteriormente  el 18_de_febrero_de_2016  TV_Tabasqueña  por_medio_de su representante legal  Andrés_Avelino_de_la_Cerda_Cortina  presentó ante la oficialía de partes de el Instituto  en relación a el contenido de los Resolutivos_Segundo  Tercero  Cuarto  Séptimo  Octavo  Noveno y Décimo_de_la_Resolución  solicitud de ampliación de el plazo legal de 30 ( treinta ) días hábiles otorgado para realizar el pago de las contraprestaciones económicas a_favor_de la Nación  establecidas por el otorgamiento de la prórroga de vigencia de la concesión descrita en el Antecedente_I._A_el_tenor_de los antecedentes expuestos  el Pleno_de_el_Instituto procede a resolver la petición de mérito  CONSIDERANDO_PRIMERO . - Competencia_de_el_Instituto .
2000-06-07,presentó,9270,legislación,,,91,2886,( … ) ” De_acuerdo_con las consideraciones expuestas en la resolución que sustentan la determinación de el Segundo_Tribunal_Colegiado  el acto reclamado no está debidamente fundado en_cuanto_a que la autoridad debió sujetar su decisión a lo previsto en la ley secundaria ( Ley_Federal_de_Radio_y_Televisión ) y no en la normatividad que actualmente rige la materia de concesiones en_atención_a lo dispuesto en el artículo séptimo transitorio de el decreto de reforma constitucional  que establece que los procedimientos pendientes a la fecha de integración de el Instituto_Federal_de_Telecomunicaciones  se continuarán en los términos de la legislación aplicable a el momento en que se inició  así lo cita  en la parte que a continuación se transcribe : “ … este Tribunal estima que asiste razón a el recurrente  en_virtud_de que sí su solicitud de concesión la presentó el siete_de_junio_de_dos_mil y en esa fecha la legislación que resultaba aplicable en la materia de concesiones era la Ley_Federal_de_Radio_y_Televisión  vigente a_partir_de el veintiocho_de_enero_de_mil_novecientos_setenta y hasta el doce_de_abril_de_dos_mil_seis  resulta incuestionable que la autoridad que la autoridad responsable debió sujetar su decisión a lo previsto en esa ley secundaria y no en la normatividad que actualmente rige la materia de concesiones  atento a lo dispuesto en el artículo séptimo transitorio de el decreto de reforma constitucional … establece claramente  en lo que interesa  que los procedimientos pendientes a la fecha de integración de el Instituto_Federal_de_Telecomunicaciones  se continuarán substanciando en los términos de la legislación aplicable a el momento de su inicio .
2015-09-23,presentó,9414,escrito,,,92,282,El 23_de_septiembre_de_2015  el C._Cuauhtémoc_Unda_Argüelles presentó en el Instituto escrito mediante el cual solicitó autorización para llevar_a_cabo la cesión de los derechos y obligaciones de la Concesión a_favor_de el C._Moisés_Carpio_Alarcón ( la “ Solicitud_de_Cesión_de_Derechos ” ) .
2015-11-10,presentó,9414,escrito,,,92,425,El 10_de_noviembre_de_2015  el C._Cuauhtémoc_Unda_Argüelles presentó ante el Instituto escrito mediante el cual da respuesta a el requerimiento de información señalado en el Antecedente_VI de la presente Resolución  a_través_de el cual adjunta el comprobante de pago de derechos efectuado de conformidad con lo establecido en el inciso a ) de la fracción II de el artículo 97 de la Ley_Federal_de_Derechos 2015  por concepto de estudio por cambio en la titularidad de las concesiones  así_como la carta compromiso firmada por el C._Moisés_Carpio_Alarcón en la que se compromete a cumplir con las obligaciones que se encuentren pendientes y asume las condiciones que a el efecto establezca el Instituto .
2015-11-10,presentó,9414,escrito,,,92,2126,Ahora_bien  en relación con el segundo requisito de procedencia destaca que con fecha 10_de_noviembre_de_2015  el C._Cuauhtémoc_Unda_Argüelles presentó ante el Instituto escrito a_través_de el cual da respuesta a el requerimiento de información realizado con el oficio IFT  mediante el cual adjunta  entre otras cosas  la carta suscrita por el C._Moisés_Carpio_Alarcón  en la que se compromete a cumplir las obligaciones que se encuentren pendientes y asume las condiciones que a el efecto establezca el Instituto .
2015-11-10,presentó,9414,escrito,,,92,2521,Por lo que se refiere a el quinto requisito de procedencia  destaca que con fecha 10_de_noviembre_de_2015 el C._Cuauhtémoc_Unda_Argüelles presentó ante el Instituto escrito a_través_de el cual da respuesta a el requerimiento de información realizado con el oficio IFT  mediante el cual adjunta  entre otras cosas  el comprobante de pago de derechos  por concepto de estudio por el cambio en la titularidad de las concesiones  de conformidad con lo establecido en el artículo 97 fracción II  inciso a ) de la Ley_Federal_de_Derechos 2015 .
2015-10-23,presentó,9506,escrito,,,119,328,El 23_de_octubre_de_2015  la representante legal de el C._Víctor_Joaquín_Rodríguez_Trujillo presentó escrito ante el Instituto mediante el cual solicitó autorización para llevar_a_cabo la cesión de los derechos y obligaciones de la Concesión a_favor_de la empresa Ciber_Cable_Sadecv ( la “ Solicitud_de_Cesión_de_Derechos ” ) .
2013-11-26,presentó,9603,escrito,,,118,200,El 26_de_noviembre_de_2013  la representante legal de Digicable_Sadecv  presentó ante el Instituto escrito mediante el cual hace de conocimiento de este órgano autónomo que su representada daría inicio a el servicio de transmisión bidireccional de datos a_partir_de el 20_de_diciembre_de_2013  de conformidad con el “ Acuerdo por el que se modifica el Anexo_A y se adiciona  según corresponda  el Anexo_B o C a los títulos de concesión para instalar  operar y explotar redes públicas de telecomunicaciones que comprenden el servicio de televisión restringida a_través_de redes cableadas  para incluir el servicio de transmisión bidireccional de datos ”  publicado en el Diario_Oficial_de_la_Federación el 7_de_octubre_de_2003 .
2015-12-07,presentó,9603,escrito,,,118,392,El 7_de_diciembre_de_2015  el representante legal de Digicable_Sadecv presentó escrito ante el Instituto mediante el cual solicitó autorización para llevar_a_cabo la cesión de los derechos y obligaciones de la Concesión a_favor_de la empresa Smart_Cable_Sadecv ( la “ Solicitud_de_Cesión_de_Derechos ” ) .
2014-01-17,presentó,9845,solicitud,,,128,536,El 17_de_enero_de_2014  el representante legal de Servicio_y_Equipo en Telefonía_Internet_y_TV_Sadecv  presentó ante el Instituto solicitud de prórroga de vigencia de la Concesión ( la “ Solicitud_de_Prórroga ” ) .
2015-08-31,presentó,9785,SETIT,,,128,3580,En respuesta a lo anterior  mediante oficio IFT de fecha 31_de_agosto_de_2015  la Dirección_General_de_Concentraciones_Y_Concesiones emitió opinión conjunta respecto_de diversas solicitudes de prórroga  entre las que se encontraba la solicitud que nos ocupa y que se identifica en dicha opinión con el número 17  manifestando lo siguiente : “ De_acuerdo_con el análisis anterior y con base en la información que obra en el expediente de las Solicitudes  incluida la información que presentó SETIT  no se identifica que SETIT y sus accionistas  así_como personas relacionadas pertenezcan a los grupos de interés económico a los que pertenecen : 1 ) los operadores satelitales que prestan el servicio de TV restringida bajo las marcas comerciales Sky_y_Dish ; o 2 ) Telmex  que ofrece los servicios de Acceso a Internet_Fijo_y_Telefonía_Fija a nivel nacional .
[??:??/9/2015:??.??:??],presentó,10257,formato,,,127,254,Con fecha 1 ° de septiembre_de_2015  Altata_Telecomunicaciones_de_México_Sapidecv ( “ ALTATA ” )  presentó ante el Instituto  a_través_de su representante legal  el formato IFT-Concesión_Única mediante el cual solicitó el otorgamiento de una concesión única para uso comercial  a_fin_de implementar inicialmente una red inalámbrica a_través_de un sistema de transmisión de datos por microondas  enlaces punto a punto y punto multipunto para prestar el servicio de acceso a internet  utilizando espectro libre en la banda de 5 GHz  con cobertura en la ciudad de San_Miguel_de_Allende  en el estado de Guanajuato . ( la “ Solicitud_de_Concesión ” ) .
2015-01-13,presentó,10574,escrito,,,81,208,Con fecha 13_de_enero_de_2015  la empresa Hermovisión_Srldecv ( “ Hermovisión ” )  a_través_de su representante legal  presentó ante el Instituto un escrito por_medio_de el cual solicitó el otorgamiento de una concesión para instalar  operar y explotar una red pública de telecomunicaciones con cobertura en Tezontepec_de_Aldama  Municipio_de_Tezontepec_de_Aldama  y Zacualtipán  Municipio_de_Zacualtipán_de_Ángeles  en el Estado_de_Hidalgo ; y Huayacocotla  Municipio_de_Huayacocotla  en el Estado_de_Veracruz  para prestar el servicio de televisión restringida por cable ( la “ Solicitud_de_Concesión ” ) Solicitud_de_Opinión_Técnica .
2015-02-19,presentó,10545,información,,,81,337,Con fecha 19_de_febrero_de_2015  Hermovisión presentó información adicional a la Solicitud_de_Concesión  a_través_de la cual complementa la documentación con la que acredita capacidad económica para el desarrollo de el proyecto .
2015-06-26,presentó,10545,respuesta,,,81,555,Con fecha 26_de_junio_de_2015  Hermovisión presentó respuesta a el requerimiento IFT referente a su Solicitud_de_Concesión  a_través_de la cual manifiesta su interés en obtener una concesión única para uso comercial y presenta el comprobante de el pago de aprovechamientos por el estudio de la solicitud de una concesión única para uso comercial .
2015-06-26,presentó,10545,comprobante,,,81,1764,En respuesta a lo anterior  con fecha 26_de_junio_de_2015  Hermovisión presentó ante el Instituto el comprobante de pago por aprovechamientos por el estudio de una solicitud de concesión única para uso comercial .
[??:1/10/??:??.??:??],presentó,2026,información,,,82,728,Primer Alcance a la Solicitud_de_Multiprogramación . - Mediante oficio UTEG de fecha 29_de_septiembre_de_2015  ingresado a el Instituto el 1_de_octubre de el mismo año  el Gobierno_de_Guanajuato a_través_de su representante legal presentó información adicional a la Solicitud_de_Multiprogramación referida en el Antecedente_VIII de la presente Resolución .
2015-11-17,presentó,2026,información,,,82,910,Segundo_Alcance a la Solicitud_de_Multiprogramación . - Mediante oficio UTEG de fecha 17_de_noviembre_de_2015  ingresado a el Instituto el 19 de el mismo mes y año  el Gobierno_de_Guanajuato a_través_de su representante legal presentó información adicional a la Solicitud_de_Multiprogramación referida en el Antecedente_VIII de la presente Resolución .
2015-07-06,presentó,10940,solicitud,,,102,195,Con fecha 6_de_julio_de_2015  Editorial_El_Expreso_de_Q._Roo_Sadecv presentó ante el Instituto a_través_de su representante legal  solicitud para el otorgamiento de una concesión para instalar  operar y explotar una red pública de telecomunicaciones para prestar los servicios de provisión y arrendamiento de la capacidad de la red y de la capacidad adquirida de otras redes públicas de telecomunicaciones ; transmisión bidireccional de datos  Acceso a Internet y televisión restringida con cobertura en Bacalar  Calderitas  Chetumal  Huay-Pix_y_Xul-Ha  Municipio_de_Othón_P._Blanco  en el Estado_de_Quintana_Roo ( la “ Solicitud_de_Concesión ” ) .
2015-08-18,presentó,10940,información,,,102,345,Con fechas 3 y 18_de_agosto_de_2015  Editorial_El_Expreso_de_Q._Roo_Sadecv presentó información complementaria referente a su Solicitud_de_Concesión  a_través_de la cual manifiesta su interés en obtener una concesión única para prestar diversos servicios públicos de telecomunicaciones ; y  adicionalmente  presentó la documentación correspondiente para acreditar capacidad administrativa .
2015-08-18,presentó,,documentación,,,102,365,Con fechas 3 y 18_de_agosto_de_2015  Editorial_El_Expreso_de_Q._Roo_Sadecv presentó información complementaria referente a su Solicitud_de_Concesión  a_través_de la cual manifiesta su interés en obtener una concesión única para prestar diversos servicios públicos de telecomunicaciones ; y  adicionalmente  presentó la documentación correspondiente para acreditar capacidad administrativa .
2012-03-22,presentó,11055,solicitud,,,121,104,El 22_de_marzo_de_2012  el C._José_Pérez_Ramírez presentó ante la Secretaría solicitud de prórroga de vigencia de la Concesión ( la “ Solicitud_de_Prórroga ” )  misma que fue remitida a la extinta Comisión_Federal_de_Telecomunicaciones ( la “ Comisión ” )  mediante oficio 2.1.203.-1953 de fecha 3_de_mayo_de_2012 .
2014-12-10,presentó,11157,solicitud,,,101,195,Con fecha 10_de_diciembre_de_2014  Visión_de_el_Sureste_Sadecv presentó ante el Instituto a_través_de su representante legal  solicitud para el otorgamiento de una concesión para instalar  operar y explotar una red pública de telecomunicaciones con cobertura en Villahermosa  Municipio_de_Centro  en el Estado_de_Tabasco ( la “ Solicitud_de_Concesión ” ) .
2015-09-25,presentó,11157,respuesta,,,101,530,Con fecha 25_de_septiembre_de_2015  Visión_de_el_Sureste_Sadecv presentó respuesta a el requerimiento IFT referente a su Solicitud_de_Concesión  a_través_de la cual manifiesta su interés en obtener una concesión única para uso comercial y presenta el comprobante de el pago de aprovechamientos por el estudio de la solicitud de una concesión única para uso comercial .
2015-09-25,presentó,,comprobante,,,101,1651,En respuesta a lo anterior  con fecha 25_de_septiembre_de_2015 Visión_de_el_Sureste_Sadecv  presentó ante el Instituto el comprobante de pago por aprovechamientos por el estudio de una solicitud de concesión única para uso comercial .
2013-12-19,presentó,1485,escrito,,,71,224,Con fecha 19_de_diciembre_de_2013  el representante legal de Cable_Sur  S._A_de_C.V.  presentó ante el Instituto_Federal_de_Telecomunicaciones  escrito mediante el cual hace de conocimiento que su representada dará inicio a el servicio de transmisión bidireccional de datos a_partir_de el 15_de_marzo_de_2014  de conformidad con el “ Acuerdo por el que se modifica el Anexo_A y se adiciona  según corresponda  el Anexo_B o C a los títulos de concesión para instalar  operar y explotar redes públicas de telecomunicaciones que comprenden el servicio de televisión restringida a_través_de redes cableadas  para incluir el servicio de transmisión bidireccional de datos ”  publicado en el Diario_Oficial_de_la_Federación el 7_de_octubre_de_2003 .
